Date,Elev
2009-01-01,1178.94
2009-01-02,1178.93
2009-01-03,1178.92
2009-01-04,1178.88
2009-01-05,1178.89
2009-01-06,1178.89
2009-01-07,1178.88
2009-01-08,1178.86
2009-01-09,1178.86
2009-01-10,1178.83
2009-01-11,1178.82
2009-01-12,1178.8
2009-01-13,1178.79
2009-01-14,1178.78
2009-01-15,1178.76
2009-01-16,1178.75
2009-01-17,1178.75
2009-01-18,1178.73
2009-01-19,1178.72
2009-01-20,1178.7
2009-01-21,1178.7
2009-01-22,1178.7
2009-01-23,1178.67
2009-01-24,1178.65
2009-01-25,1178.64
2009-01-26,1178.64
2009-01-27,1178.63
2009-01-28,1178.64
2009-01-29,1178.62
2009-01-30,1178.62
2009-01-31,1178.6
2009-02-01,1178.59
2009-02-02,1178.57
2009-02-03,1178.56
2009-02-04,1178.55
2009-02-05,1178.55
2009-02-06,1178.55
2009-02-07,1178.54
2009-02-08,1178.56
2009-02-09,1178.58
2009-02-11,1178.56
2009-02-12,1178.54
2009-02-13,1178.53
2009-02-14,1178.51
2009-02-15,1178.5
2009-02-16,1178.49
2009-02-17,1178.5
2009-02-18,1178.48
2009-02-19,1178.46
2009-02-20,1178.46
2009-02-21,1178.42
2009-02-22,1178.41
2009-02-23,1178.39
2009-02-24,1178.37
2009-02-25,1178.36
2009-02-26,1178.35
2009-02-27,1178.33
2009-02-28,1178.3
2009-03-01,1178.29
2009-03-02,1178.27
2009-03-03,1178.26
2009-03-04,1178.25
2009-03-05,1178.25
2009-03-06,1178.23
2009-03-07,1178.22
2009-03-08,1178.2
2009-03-09,1178.2
2009-03-12,1178.23
2009-03-13,1178.25
2009-03-14,1178.29
2009-03-15,1178.28
2009-03-16,1178.27
2009-03-17,1178.27
2009-03-18,1178.25
2009-03-19,1178.23
2009-03-20,1178.22
2009-03-21,1178.21
2009-03-24,1178.18
2009-03-25,1178.16
2009-03-26,1178.15
2009-03-29,1178.11
2009-03-30,1178.09
2009-03-31,1178.05
2009-04-01,1178.03
2009-04-02,1177.96
2009-04-03,1177.92
2009-04-04,1177.91
2009-04-05,1177.85
2009-04-06,1177.81
2009-04-07,1177.8
2009-04-08,1177.78
2009-04-10,1177.72
2009-04-11,1177.7
2009-04-12,1177.77
2009-04-13,1177.76
2009-04-14,1177.75
2009-04-15,1177.73
2009-04-16,1177.72
2009-04-17,1177.73
2009-04-18,1177.73
2009-04-19,1177.71
2009-04-20,1177.7
2009-04-21,1177.68
2009-04-22,1177.68
2009-04-23,1177.66
2009-04-24,1177.64
2009-04-25,1177.62
2009-04-26,1177.61
2009-04-27,1177.59
2009-04-28,1177.57
2009-04-29,1177.57
2009-04-30,1177.56
2009-05-01,1177.55
2009-05-02,1177.53
2009-05-03,1177.51
2009-05-04,1177.49
2009-05-05,1177.48
2009-05-06,1177.48
2009-05-07,1177.47
2009-05-09,1177.44
2009-05-10,1177.42
2009-05-11,1177.41
2009-05-12,1177.41
2009-05-13,1177.4
2009-05-14,1177.37
2009-05-15,1177.36
2009-05-16,1177.48
2009-05-17,1177.53
2009-05-18,1177.51
2009-05-19,1177.49
2009-05-20,1177.47
2009-05-21,1177.45
2009-05-22,1177.43
2009-05-23,1177.43
2009-05-24,1177.45
2009-05-25,1177.44
2009-05-28,1177.37
2009-05-29,1177.35
2009-05-30,1177.33
2009-05-31,1177.31
2009-06-01,1177.28
2009-06-02,1177.26
2009-06-03,1177.24
2009-06-04,1177.22
2009-06-05,1177.19
2009-06-06,1177.18
2009-06-07,1177.14
2009-06-08,1177.1
2009-06-09,1177.1
2009-06-10,1177.14
2009-06-11,1177.28
2009-06-12,1177.27
2009-06-13,1177.25
2009-06-14,1177.24
2009-06-15,1177.22
2009-06-16,1177.19
2009-06-17,1177.15
2009-06-18,1177.13
2009-06-19,1177.1
2009-06-20,1177.08
2009-06-21,1177.05
2009-06-22,1177.02
2009-06-23,1176.99
2009-06-24,1176.96
2009-06-25,1176.94
2009-06-26,1176.91
2009-06-27,1176.88
2009-06-28,1176.85
2009-06-29,1176.83
2009-06-30,1176.87
2009-07-01,1176.88
2009-07-02,1176.89
2009-07-03,1176.88
2009-07-04,1176.87
2009-07-05,1176.88
2009-07-08,1176.84
2009-07-09,1176.8
2009-07-10,1176.76
2009-07-11,1176.72
2009-07-12,1176.69
2009-07-13,1176.66
2009-07-14,1176.62
2009-07-15,1176.58
2009-07-16,1176.54
2009-07-17,1176.54
2009-07-18,1176.52
2009-07-19,1176.5
2009-07-20,1176.48
2009-07-21,1176.45
2009-07-22,1176.42
2009-07-23,1176.42
2009-07-24,1176.4
2009-07-25,1176.37
2009-07-26,1176.35
2009-07-27,1176.33
2009-07-28,1176.38
2009-07-30,1176.48
2009-07-31,1176.48
2009-08-01,1176.47
2009-08-02,1176.45
2009-08-03,1176.42
2009-08-04,1176.39
2009-08-05,1176.36
2009-08-06,1176.32
2009-08-07,1176.29
2009-08-08,1176.26
2009-08-09,1176.22
2009-08-10,1176.22
2009-08-11,1176.2
2009-08-12,1176.23
2009-08-13,1176.21
2009-08-14,1176.18
2009-08-15,1176.15
2009-08-16,1176.1
2009-08-17,1176.07
2009-08-18,1176.03
2009-08-19,1176.01
2009-08-20,1175.99
2009-08-21,1175.96
2009-08-22,1175.94
2009-08-23,1175.92
2009-08-24,1175.89
2009-08-25,1175.85
2009-08-26,1175.83
2009-08-27,1175.8
2009-08-28,1175.76
2009-08-29,1175.73
2009-08-30,1175.72
2009-08-31,1175.69
2009-09-01,1175.67
2009-09-02,1175.63
2009-09-03,1175.6
2009-09-04,1175.58
2009-09-05,1175.56
2009-09-06,1175.54
2009-09-07,1175.52
2009-09-08,1175.51
2009-09-09,1175.47
2009-09-10,1175.44
2009-09-11,1175.43
2009-09-12,1175.46
2009-09-13,1175.56
2009-09-14,1175.59
2009-09-15,1175.59
2009-09-16,1175.56
2009-09-17,1175.55
2009-09-18,1175.54
2009-09-19,1175.53
2009-09-20,1175.52
2009-09-21,1175.52
2009-09-22,1175.49
2009-09-23,1175.47
2009-09-24,1175.46
2009-09-25,1175.44
2009-09-26,1175.42
2009-09-27,1175.42
2009-09-28,1175.38
2009-09-29,1175.36
2009-09-30,1175.36
2009-10-01,1175.34
2009-10-02,1175.3
2009-10-03,1175.27
2009-10-04,1175.28
2009-10-05,1175.27
2009-10-06,1175.3
2009-10-07,1175.33
2009-10-08,1175.33
2009-10-09,1175.46
2009-10-10,1175.46
2009-10-11,1175.43
2009-10-12,1175.42
2009-10-13,1175.42
2009-10-14,1175.42
2009-10-15,1175.42
2009-10-16,1175.4
2009-10-17,1175.39
2009-10-18,1175.38
2009-10-19,1175.37
2009-10-20,1175.35
2009-10-21,1175.36
2009-10-22,1175.39
2009-10-23,1175.37
2009-10-24,1175.36
2009-10-25,1175.34
2009-10-26,1175.31
2009-10-27,1175.3
2009-10-28,1175.29
2009-10-29,1175.3
2009-10-30,1175.27
2009-10-31,1175.25
2009-11-01,1175.25
2009-11-02,1175.24
2009-11-03,1175.24
2009-11-04,1175.23
2009-11-05,1175.22
2009-11-06,1175.22
2009-11-07,1175.21
2009-11-08,1175.19
2009-11-09,1175.18
2009-11-10,1175.18
2009-11-11,1175.17
2009-11-12,1175.17
2009-11-13,1175.17
2009-11-14,1175.14
2009-11-15,1175.14
2009-11-16,1175.11
2009-11-17,1175.09
2009-11-18,1175.08
2009-11-19,1175.08
2009-11-20,1175.06
2009-11-21,1175.05
2009-11-22,1175.05
2009-11-23,1175.04
2009-11-24,1175.03
2009-11-25,1175.01
2009-11-26,1174.99
2009-11-27,1174.99
2009-11-28,1174.98
2009-11-29,1174.97
2009-11-30,1174.95
2009-12-01,1174.96
2009-12-02,1174.98
2009-12-03,1174.96
2009-12-05,1174.96
2009-12-06,1174.94
2009-12-07,1174.92
2009-12-08,1174.93
2009-12-09,1174.91
2009-12-10,1174.89
2009-12-11,1174.88
2009-12-12,1174.88
2009-12-13,1174.89
2009-12-14,1174.87
2009-12-16,1174.85
2009-12-17,1174.84
2009-12-18,1174.84
2009-12-19,1174.83
2009-12-20,1174.83
2009-12-21,1174.83
2009-12-22,1174.82
2009-12-23,1174.81
2009-12-25,1174.88
2009-12-26,1174.87
2009-12-27,1174.86
2009-12-28,1174.85
2009-12-29,1174.86
2009-12-30,1174.87
2009-12-31,1174.85
2010-01-01,1174.85
2010-01-02,1174.84
2010-01-03,1174.84
2010-01-04,1174.83
2010-01-05,1174.83
2010-01-07,1174.79
2010-01-08,1174.79
2010-01-09,1174.78
2010-01-10,1174.78
2010-01-11,1174.77
2010-01-12,1174.76
2010-01-13,1174.76
2010-01-14,1174.76
2010-01-15,1174.76
2010-01-16,1174.77
2010-01-17,1174.77
2010-01-18,1174.77
2010-01-20,1174.78
2010-01-21,1174.78
2010-01-22,1174.77
2010-01-23,1174.79
2010-01-24,1174.78
2010-01-25,1174.77
2010-01-26,1174.76
2010-01-27,1174.75
2010-01-28,1174.84
2010-02-01,1175.12
2010-02-02,1175.12
2010-02-03,1175.14
2010-02-04,1175.2
2010-02-05,1175.2
2010-02-06,1175.2
2010-02-07,1175.21
2010-02-08,1175.26
2010-02-09,1175.27
2010-02-10,1175.28
2010-02-11,1175.33
2010-02-12,1175.37
2010-02-13,1175.39
2010-02-15,1175.41
2010-02-16,1175.41
2010-02-17,1175.4
2010-02-18,1175.41
2010-02-19,1175.4
2010-02-20,1175.4
2010-02-21,1175.4
2010-02-22,1175.39
2010-02-23,1175.41
2010-02-25,1175.41
2010-02-26,1175.4
2010-02-27,1175.39
2010-02-28,1175.38
2010-03-01,1175.41
2010-03-02,1175.44
2010-03-03,1175.43
2010-03-04,1175.43
2010-03-05,1175.43
2010-03-06,1175.42
2010-03-07,1175.42
2010-03-08,1175.44
2010-03-09,1175.44
2010-03-11,1175.42
2010-03-12,1175.42
2010-03-13,1175.4
2010-03-14,1175.39
2010-03-15,1175.38
2010-03-16,1175.42
2010-03-17,1175.43
2010-03-18,1175.42
2010-03-19,1175.43
2010-03-20,1175.5
2010-03-21,1175.51
2010-03-22,1175.51
2010-03-23,1175.51
2010-03-24,1175.51
2010-03-26,1175.51
2010-03-27,1175.5
2010-03-28,1175.47
2010-03-29,1175.46
2010-03-30,1175.46
2010-03-31,1175.45
2010-04-01,1175.44
2010-04-02,1175.43
2010-04-03,1175.41
2010-04-04,1175.39
2010-04-05,1175.39
2010-04-06,1175.39
2010-04-07,1175.35
2010-04-08,1175.33
2010-04-09,1175.31
2010-04-10,1175.28
2010-04-11,1175.26
2010-04-12,1175.25
2010-04-13,1175.24
2010-04-14,1175.21
2010-04-15,1175.2
2010-04-16,1175.23
2010-04-17,1175.46
2010-04-18,1175.56
2010-04-19,1175.56
2010-04-20,1175.56
2010-04-21,1175.55
2010-04-22,1175.55
2010-04-23,1175.56
2010-04-24,1175.54
2010-04-25,1175.52
2010-04-26,1175.5
2010-04-27,1175.48
2010-04-29,1175.47
2010-04-30,1175.42
2010-05-01,1175.41
2010-05-02,1175.39
2010-05-03,1175.37
2010-05-04,1175.36
2010-05-05,1175.33
2010-05-06,1175.32
2010-05-07,1175.28
2010-05-08,1175.25
2010-05-09,1175.23
2010-05-11,1175.22
2010-05-12,1175.21
2010-05-13,1175.24
2010-05-14,1175.31
2010-05-15,1175.49
2010-05-16,1175.52
2010-05-17,1175.52
2010-05-18,1175.68
2010-05-19,1175.76
2010-05-20,1175.74
2010-05-21,1175.73
2010-05-22,1175.72
2010-05-23,1175.7
2010-05-24,1175.68
2010-05-25,1175.66
2010-05-26,1175.66
2010-05-27,1175.64
2010-05-28,1175.62
2010-05-29,1175.6
2010-05-30,1175.58
2010-05-31,1175.56
2010-06-01,1175.54
2010-06-03,1175.61
2010-06-04,1175.62
2010-06-05,1175.6
2010-06-06,1175.57
2010-06-07,1175.56
2010-06-08,1175.54
2010-06-09,1175.5
2010-06-10,1175.49
2010-06-11,1175.47
2010-06-12,1175.44
2010-06-13,1175.4
2010-06-14,1175.38
2010-06-15,1175.48
2010-06-16,1175.59
2010-06-17,1175.59
2010-06-18,1175.57
2010-06-19,1175.54
2010-06-20,1175.51
2010-06-21,1175.48
2010-06-22,1175.46
2010-06-23,1175.43
2010-06-24,1175.41
2010-06-25,1175.39
2010-06-26,1175.36
2010-06-27,1175.34
2010-06-28,1175.31
2010-06-29,1175.29
2010-06-30,1175.27
2010-07-01,1175.26
2010-07-02,1175.25
2010-07-03,1175.25
2010-07-04,1175.23
2010-07-05,1175.22
2010-07-06,1175.19
2010-07-07,1175.17
2010-07-08,1175.2
2010-07-09,1175.26
2010-07-10,1175.3
2010-07-11,1175.3
2010-07-12,1175.28
2010-07-13,1175.26
2010-07-14,1175.23
2010-07-15,1175.2
2010-07-16,1175.17
2010-07-17,1175.15
2010-07-18,1175.13
2010-07-19,1175.11
2010-07-20,1175.08
2010-07-21,1175.04
2010-07-22,1175.01
2010-07-23,1174.98
2010-07-24,1174.95
2010-07-25,1174.91
2010-07-26,1174.91
2010-07-27,1174.93
2010-07-28,1174.94
2010-07-29,1174.92
2010-07-30,1174.89
2010-07-31,1174.85
2010-08-01,1174.82
2010-08-02,1174.79
2010-08-03,1174.76
2010-08-04,1174.73
2010-08-05,1174.71
2010-08-06,1174.69
2010-08-07,1174.68
2010-08-08,1174.66
2010-08-09,1174.63
2010-08-10,1174.59
2010-08-11,1174.57
2010-08-12,1174.55
2010-08-13,1174.52
2010-08-14,1174.49
2010-08-15,1174.46
2010-08-16,1174.44
2010-08-17,1174.42
2010-08-18,1174.4
2010-08-19,1174.39
2010-08-20,1174.37
2010-08-21,1174.32
2010-08-22,1174.29
2010-08-23,1174.26
2010-08-24,1174.22
2010-08-25,1174.18
2010-08-26,1174.15
2010-08-27,1174.13
2010-08-28,1174.1
2010-08-29,1174.06
2010-08-30,1174.04
2010-08-31,1174.01
2010-09-01,1173.98
2010-09-02,1173.94
2010-09-03,1173.89
2010-09-04,1173.87
2010-09-05,1173.85
2010-09-06,1173.82
2010-09-07,1173.82
2010-09-08,1173.98
2010-09-09,1174.02
2010-09-10,1174.02
2010-09-11,1174.08
2010-09-12,1174.11
2010-09-13,1174.14
2010-09-14,1174.13
2010-09-15,1174.11
2010-09-16,1174.08
2010-09-17,1174.06
2010-09-18,1174.04
2010-09-19,1174.02
2010-09-20,1174.0
2010-09-21,1173.99
2010-09-22,1173.96
2010-09-23,1173.94
2010-09-24,1173.91
2010-09-25,1174.05
2010-09-26,1174.16
2010-09-27,1174.17
2010-09-28,1174.16
2010-09-29,1174.15
2010-09-30,1174.14
2010-10-01,1174.67
2010-10-02,1174.64
2010-10-03,1174.61
2010-10-04,1174.58
2010-10-05,1174.55
2010-10-06,1174.53
2010-10-07,1174.51
2010-10-08,1174.5
2010-10-09,1174.48
2010-10-10,1174.45
2010-10-11,1174.42
2010-10-12,1174.4
2010-10-13,1174.37
2010-10-14,1174.35
2010-10-15,1174.32
2010-10-16,1174.31
2010-10-17,1174.29
2010-10-18,1174.28
2010-10-19,1174.26
2010-10-20,1174.25
2010-10-21,1174.23
2010-10-22,1174.22
2010-10-23,1174.27
2010-10-24,1174.32
2010-10-25,1174.3
2010-10-26,1174.27
2010-10-27,1174.24
2010-10-28,1174.22
2010-10-29,1174.21
2010-10-30,1174.19
2010-10-31,1174.17
2010-11-01,1174.15
2010-11-02,1174.11
2010-11-03,1174.08
2010-11-04,1174.06
2010-11-05,1174.04
2010-11-06,1174.03
2010-11-07,1174.01
2010-11-08,1174.0
2010-11-09,1173.99
2010-11-10,1173.96
2010-11-11,1173.96
2010-11-12,1173.94
2010-11-13,1173.93
2010-11-14,1173.91
2010-11-15,1173.9
2010-11-16,1173.89
2010-11-17,1173.87
2010-11-18,1173.84
2010-11-19,1173.84
2010-11-20,1173.82
2010-11-21,1173.82
2010-11-22,1173.81
2010-11-23,1173.79
2010-11-24,1173.8
2010-11-25,1173.76
2010-11-26,1173.75
2010-11-27,1173.74
2010-11-28,1173.73
2010-11-29,1173.72
2010-11-30,1173.69
2010-12-01,1173.67
2010-12-02,1173.65
2010-12-03,1173.64
2010-12-04,1173.61
2010-12-05,1173.6
2010-12-06,1173.59
2010-12-07,1173.58
2010-12-08,1173.56
2010-12-09,1173.57
2010-12-10,1173.54
2010-12-11,1173.53
2010-12-12,1173.51
2010-12-13,1173.51
2010-12-14,1173.49
2010-12-15,1173.49
2010-12-16,1173.46
2010-12-17,1173.45
2010-12-18,1173.45
2010-12-19,1173.44
2010-12-20,1173.43
2010-12-21,1173.41
2010-12-22,1173.4
2010-12-23,1173.39
2010-12-24,1173.45
2010-12-25,1173.47
2010-12-26,1173.46
2010-12-27,1173.46
2010-12-28,1173.44
2010-12-29,1173.46
2010-12-30,1173.46
2010-12-31,1173.45
2011-01-01,1173.43
2011-01-02,1173.42
2011-01-03,1173.41
2011-01-04,1173.4
2011-01-05,1173.39
2011-01-06,1173.38
2011-01-07,1173.38
2011-01-08,1173.37
2011-01-09,1173.4
2011-01-10,1173.4
2011-01-11,1173.39
2011-01-12,1173.38
2011-01-13,1173.37
2011-01-14,1173.36
2011-01-15,1173.35
2011-01-16,1173.35
2011-01-17,1173.35
2011-01-18,1173.34
2011-01-19,1173.34
2011-01-20,1173.31
2011-01-21,1173.32
2011-01-22,1173.31
2011-01-23,1173.29
2011-01-24,1173.28
2011-01-25,1173.28
2011-01-26,1173.27
2011-01-27,1173.27
2011-01-28,1173.26
2011-01-29,1173.26
2011-01-30,1173.24
2011-01-31,1173.24
2011-02-01,1173.37
2011-02-02,1173.37
2011-02-03,1173.35
2011-02-04,1173.35
2011-02-05,1173.34
2011-02-06,1173.34
2011-02-07,1173.36
2011-02-08,1173.35
2011-02-12,1173.32
2011-02-13,1173.32
2011-02-14,1173.31
2011-02-15,1173.31
2011-02-16,1173.31
2011-02-17,1173.31
2011-02-18,1173.3
2011-02-19,1173.3
2011-02-20,1173.31
2011-02-21,1173.3
2011-02-22,1173.29
2011-02-23,1173.28
2011-02-24,1173.28
2011-02-25,1173.26
2011-02-26,1173.25
2011-02-27,1173.26
2011-02-28,1173.22
2011-03-01,1173.21
2011-03-02,1173.19
2011-03-03,1173.19
2011-03-04,1173.17
2011-03-05,1173.14
2011-03-06,1173.14
2011-03-07,1173.12
2011-03-08,1173.1
2011-03-09,1173.09
2011-03-10,1173.07
2011-03-11,1173.07
2011-03-12,1173.04
2011-03-13,1173.03
2011-03-14,1173.0
2011-03-15,1173.0
2011-03-16,1172.99
2011-03-17,1172.99
2011-03-18,1172.97
2011-03-19,1172.97
2011-03-20,1172.96
2011-03-21,1172.96
2011-03-22,1172.94
2011-03-23,1172.9
2011-03-24,1172.87
2011-03-25,1172.86
2011-03-26,1172.84
2011-03-27,1172.8
2011-03-28,1172.79
2011-03-29,1172.77
2011-03-30,1172.76
2011-03-31,1172.76
2011-04-01,1172.74
2011-04-02,1172.73
2011-04-03,1172.75
2011-04-04,1172.68
2011-04-05,1172.68
2011-04-06,1172.65
2011-04-07,1172.62
2011-04-08,1172.61
2011-04-09,1172.61
2011-04-10,1172.59
2011-04-11,1172.55
2011-04-12,1172.53
2011-04-13,1172.52
2011-04-14,1172.5
2011-04-15,1172.45
2011-04-16,1172.41
2011-04-17,1172.41
2011-04-18,1172.38
2011-04-19,1172.36
2011-04-20,1172.33
2011-04-21,1172.32
2011-04-22,1172.34
2011-04-23,1172.31
2011-04-24,1172.3
2011-04-25,1172.41
2011-04-26,1172.43
2011-04-27,1172.42
2011-04-28,1172.39
2011-04-29,1172.38
2011-04-30,1172.32
2011-05-01,1172.29
2011-05-02,1172.3
2011-05-03,1172.3
2011-05-04,1172.28
2011-05-05,1172.25
2011-05-06,1172.24
2011-05-07,1172.23
2011-05-08,1172.21
2011-05-09,1172.19
2011-05-10,1172.17
2011-05-11,1172.16
2011-05-12,1172.15
2011-05-13,1172.12
2011-05-14,1172.09
2011-05-15,1172.07
2011-05-16,1172.04
2011-05-17,1172.02
2011-05-18,1172.01
2011-05-19,1171.98
2011-05-20,1171.97
2011-05-21,1171.96
2011-05-22,1171.94
2011-05-23,1171.99
2011-05-24,1171.98
2011-05-25,1171.92
2011-05-26,1171.88
2011-05-27,1171.86
2011-05-28,1171.85
2011-05-29,1171.81
2011-05-30,1171.77
2011-05-31,1171.72
2011-06-01,1171.69
2011-06-02,1171.66
2011-06-03,1171.62
2011-06-04,1171.58
2011-06-05,1171.56
2011-06-06,1171.53
2011-06-07,1171.5
2011-06-08,1171.47
2011-06-09,1171.43
2011-06-10,1171.39
2011-06-11,1171.35
2011-06-12,1171.31
2011-06-13,1171.28
2011-06-14,1171.24
2011-06-15,1171.19
2011-06-16,1171.16
2011-06-17,1171.12
2011-06-18,1171.08
2011-06-19,1171.03
2011-06-22,1170.97
2011-06-23,1170.95
2011-06-24,1170.92
2011-06-25,1170.89
2011-06-26,1170.86
2011-06-27,1170.81
2011-06-28,1170.77
2011-06-29,1170.74
2011-06-30,1170.7
2011-07-01,1170.66
2011-07-02,1170.63
2011-07-03,1170.6
2011-07-04,1170.57
2011-07-05,1170.54
2011-07-06,1170.5
2011-07-07,1170.47
2011-07-08,1170.43
2011-07-09,1170.39
2011-07-10,1170.35
2011-07-11,1170.31
2011-07-12,1170.27
2011-07-13,1170.24
2011-07-14,1170.2
2011-07-15,1170.17
2011-07-16,1170.14
2011-07-17,1170.1
2011-07-18,1170.08
2011-07-19,1170.05
2011-07-20,1170.01
2011-07-21,1169.98
2011-07-22,1169.93
2011-07-23,1169.9
2011-07-24,1169.86
2011-07-25,1169.83
2011-07-26,1169.79
2011-07-27,1169.75
2011-07-28,1169.73
2011-07-29,1169.72
2011-07-30,1169.68
2011-07-31,1169.66
2011-08-01,1169.63
2011-08-02,1169.6
2011-08-03,1169.55
2011-08-04,1169.52
2011-08-05,1169.48
2011-08-06,1169.44
2011-08-07,1169.42
2011-08-08,1169.38
2011-08-09,1169.34
2011-08-10,1169.31
2011-08-11,1169.28
2011-08-12,1169.24
2011-08-13,1169.39
2011-08-14,1169.41
2011-08-15,1169.4
2011-08-16,1169.38
2011-08-17,1169.37
2011-08-18,1169.34
2011-08-19,1169.3
2011-08-20,1169.27
2011-08-26,1169.17
2011-08-27,1169.17
2011-08-28,1169.17
2011-08-29,1169.16
2011-08-30,1169.15
2011-08-31,1169.11
2011-09-01,1169.09
2011-09-02,1169.08
2011-09-03,1169.07
2011-09-04,1169.04
2011-09-05,1169.01
2011-09-06,1168.98
2011-09-07,1168.96
2011-09-08,1168.94
2011-09-09,1168.93
2011-09-10,1168.93
2011-09-11,1168.92
2011-09-12,1168.92
2011-09-13,1168.92
2011-09-14,1168.91
2011-09-15,1168.88
2011-09-16,1168.89
2011-09-17,1168.95
2011-09-18,1169.01
2011-09-19,1169.0
2011-09-20,1168.99
2011-09-21,1168.97
2011-09-22,1168.92
2011-09-23,1168.9
2011-09-24,1168.89
2011-09-25,1168.86
2011-09-26,1168.83
2011-09-27,1168.81
2011-09-28,1168.8
2011-09-29,1168.78
2011-09-30,1168.74
2011-10-01,1168.72
2011-10-02,1168.69
2011-10-03,1168.66
2011-10-04,1168.64
2011-10-06,1168.57
2011-10-07,1168.54
2011-10-08,1168.55
2011-10-09,1169.07
2011-10-10,1169.51
2011-10-11,1169.54
2011-10-12,1169.53
2011-10-13,1169.53
2011-10-14,1169.51
2011-10-15,1169.49
2011-10-16,1169.47
2011-10-18,1169.41
2011-10-19,1169.39
2011-10-20,1169.35
2011-10-21,1169.32
2011-10-22,1169.32
2011-10-23,1169.3
2011-10-24,1169.28
2011-10-25,1169.26
2011-10-26,1169.24
2011-10-28,1169.19
2011-10-29,1169.18
2011-10-30,1169.16
2011-10-31,1169.14
2011-11-01,1169.14
2011-11-02,1169.11
2011-11-03,1169.07
2011-11-04,1169.04
2011-11-05,1169.02
2011-11-06,1169.0
2011-11-07,1169.02
2011-11-09,1169.02
2011-11-10,1169.01
2011-11-11,1169.0
2011-11-12,1168.97
2011-11-13,1168.95
2011-11-14,1168.93
2011-11-15,1168.92
2011-11-16,1168.89
2011-11-17,1168.88
2011-11-18,1168.88
2011-11-19,1168.87
2011-11-22,1168.84
2011-11-23,1168.83
2011-11-24,1168.81
2011-11-25,1168.8
2011-11-26,1168.77
2011-11-27,1168.74
2011-11-28,1168.72
2011-11-29,1168.7
2011-11-30,1168.69
2011-12-01,1168.67
2011-12-02,1168.64
2011-12-03,1168.66
2011-12-04,1168.67
2011-12-05,1168.69
2011-12-07,1168.68
2011-12-08,1168.66
2011-12-09,1168.65
2011-12-10,1168.66
2011-12-11,1168.66
2011-12-12,1168.66
2011-12-13,1168.65
2011-12-14,1168.67
2011-12-15,1168.67
2011-12-16,1168.66
2011-12-17,1168.65
2011-12-18,1168.65
2011-12-19,1168.65
2011-12-21,1168.65
2011-12-22,1168.64
2011-12-23,1168.61
2011-12-24,1168.6
2011-12-25,1168.59
2011-12-26,1168.58
2011-12-27,1168.57
2011-12-28,1168.57
2011-12-29,1168.56
2011-12-30,1168.55
2011-12-31,1168.55
2012-01-01,1168.53
2012-01-02,1168.52
2012-01-03,1168.51
2012-01-04,1168.49
2012-01-05,1168.48
2012-01-06,1168.48
2012-01-07,1168.46
2012-01-08,1168.44
2012-01-09,1168.51
2012-01-10,1168.68
2012-01-11,1168.73
2012-01-12,1168.73
2012-01-13,1168.73
2012-01-14,1168.72
2012-01-15,1168.72
2012-01-16,1168.72
2012-01-17,1168.69
2012-01-19,1168.68
2012-01-20,1168.67
2012-01-21,1168.66
2012-01-23,1168.6
2012-01-24,1168.59
2012-01-25,1168.8
2012-01-26,1169.12
2012-01-27,1169.17
2012-01-28,1169.17
2012-01-29,1169.17
2012-01-30,1169.16
2012-01-31,1169.16
2012-02-01,1169.14
2012-02-02,1169.14
2012-02-03,1169.14
2012-02-04,1169.12
2012-02-05,1169.1
2012-02-06,1169.09
2012-02-07,1169.08
2012-02-08,1169.07
2012-02-09,1169.07
2012-02-10,1169.06
2012-02-12,1169.03
2012-02-13,1169.06
2012-02-14,1169.04
2012-02-15,1169.04
2012-02-16,1169.03
2012-02-17,1169.03
2012-02-18,1169.07
2012-02-19,1169.1
2012-02-21,1169.13
2012-02-22,1169.13
2012-02-23,1169.12
2012-02-24,1169.1
2012-02-25,1169.09
2012-02-26,1169.07
2012-02-27,1169.06
2012-02-28,1169.06
2012-02-29,1169.05
2012-03-01,1169.03
2012-03-02,1169.01
2012-03-03,1168.99
2012-03-04,1168.97
2012-03-05,1168.95
2012-03-06,1168.94
2012-03-07,1168.93
2012-03-08,1168.9
2012-03-09,1168.88
2012-03-10,1168.91
2012-03-11,1168.99
2012-03-12,1168.99
2012-03-13,1168.99
2012-03-14,1168.98
2012-03-15,1168.98
2012-03-16,1168.98
2012-03-17,1168.97
2012-03-18,1168.97
2012-03-19,1168.98
2012-03-20,1168.99
2012-03-21,1168.98
2012-03-24,1168.94
2012-03-25,1168.93
2012-03-26,1168.92
2012-03-27,1168.9
2012-03-28,1168.88
2012-03-29,1168.87
2012-03-30,1168.86
2012-03-31,1168.84
2012-04-01,1168.84
2012-04-02,1168.81
2012-04-03,1168.79
2012-04-04,1168.77
2012-04-05,1168.75
2012-04-06,1168.73
2012-04-07,1168.71
2012-04-08,1168.69
2012-04-09,1168.67
2012-04-10,1168.66
2012-04-11,1168.64
2012-04-12,1168.62
2012-04-13,1168.6
2012-04-14,1168.59
2012-04-15,1168.56
2012-04-16,1168.52
2012-04-17,1168.5
2012-04-18,1168.48
2012-04-19,1168.45
2012-04-20,1168.39
2012-04-21,1168.38
2012-04-22,1168.35
2012-04-23,1168.33
2012-04-24,1168.31
2012-04-25,1168.29
2012-04-26,1168.25
2012-04-27,1168.24
2012-04-28,1168.21
2012-04-29,1168.18
2012-04-30,1168.16
2012-05-01,1168.14
2012-05-02,1168.11
2012-05-03,1168.08
2012-05-04,1168.06
2012-05-05,1168.04
2012-05-06,1168.01
2012-05-07,1167.99
2012-05-08,1168.06
2012-05-09,1168.04
2012-05-10,1168.02
2012-05-11,1168.04
2012-05-12,1168.03
2012-05-13,1168.01
2012-05-14,1167.99
2012-05-15,1167.98
2012-05-16,1167.96
2012-05-17,1167.93
2012-05-18,1167.9
2012-05-19,1167.87
2012-05-20,1167.83
2012-05-21,1167.81
2012-05-22,1167.79
2012-05-23,1167.77
2012-05-24,1167.73
2012-05-25,1167.7
2012-05-26,1167.66
2012-05-27,1167.63
2012-05-28,1167.6
2012-05-29,1167.57
2012-05-30,1167.53
2012-05-31,1167.5
2012-06-01,1167.47
2012-06-02,1167.44
2012-06-03,1167.42
2012-06-04,1167.38
2012-06-05,1167.36
2012-06-06,1167.34
2012-06-07,1167.38
2012-06-08,1167.41
2012-06-09,1167.4
2012-06-10,1167.38
2012-06-11,1167.36
2012-06-12,1167.39
2012-06-13,1167.4
2012-06-14,1167.39
2012-06-15,1167.37
2012-06-16,1167.34
2012-06-17,1167.32
2012-06-18,1167.3
2012-06-19,1167.26
2012-06-20,1167.22
2012-06-21,1167.19
2012-06-22,1167.16
2012-06-23,1167.13
2012-06-24,1167.1
2012-06-25,1167.07
2012-06-26,1167.04
2012-06-27,1167.01
2012-06-28,1166.97
2012-06-29,1166.91
2012-06-30,1166.86
2012-07-01,1166.8
2012-07-02,1166.75
2012-07-03,1166.69
2012-07-04,1166.63
2012-07-05,1166.57
2012-07-06,1166.52
2012-07-07,1166.47
2012-07-08,1166.42
2012-07-09,1166.38
2012-07-10,1166.34
2012-07-11,1166.29
2012-07-12,1166.25
2012-07-13,1166.2
2012-07-14,1166.16
2012-07-15,1166.11
2012-07-16,1166.06
2012-07-17,1166.02
2012-07-18,1165.96
2012-07-19,1165.91
2012-07-20,1165.87
2012-07-21,1165.83
2012-07-22,1165.78
2012-07-23,1165.73
2012-07-24,1165.69
2012-07-25,1165.64
2012-07-26,1165.59
2012-07-27,1165.55
2012-07-28,1165.51
2012-07-29,1165.46
2012-07-30,1165.41
2012-07-31,1165.36
2012-08-01,1165.31
2012-08-02,1165.26
2012-08-03,1165.2
2012-08-04,1165.13
2012-08-05,1165.07
2012-08-06,1165.03
2012-08-07,1164.98
2012-08-08,1164.94
2012-08-09,1164.9
2012-08-10,1164.86
2012-08-11,1164.81
2012-08-12,1164.78
2012-08-13,1164.74
2012-08-14,1164.71
2012-08-15,1164.66
2012-08-16,1164.62
2012-08-17,1164.59
2012-08-19,1164.55
2012-08-20,1164.52
2012-08-21,1164.51
2012-08-22,1164.49
2012-08-23,1164.46
2012-08-24,1164.42
2012-08-25,1164.39
2012-08-26,1164.37
2012-08-27,1164.4
2012-08-28,1164.37
2012-08-29,1164.33
2012-08-30,1164.31
2012-08-31,1164.29
2012-09-01,1164.27
2012-09-02,1164.24
2012-09-03,1164.19
2012-09-04,1164.16
2012-09-05,1164.13
2012-09-06,1164.09
2012-09-07,1164.06
2012-09-08,1163.99
2012-09-09,1163.96
2012-09-10,1163.93
2012-09-11,1163.89
2012-09-12,1163.85
2012-09-13,1164.05
2012-09-14,1164.18
2012-09-15,1164.16
2012-09-16,1164.16
2012-09-17,1164.13
2012-09-18,1164.12
2012-09-19,1164.1
2012-09-20,1164.08
2012-09-21,1164.06
2012-09-22,1164.02
2012-09-23,1164.0
2012-09-24,1163.98
2012-09-25,1163.95
2012-09-26,1163.91
2012-09-27,1163.93
2012-09-28,1164.02
2012-09-29,1164.15
2012-09-30,1164.42
2012-10-01,1164.57
2012-10-02,1164.57
2012-10-03,1164.55
2012-10-04,1164.53
2012-10-05,1164.5
2012-10-06,1164.46
2012-10-07,1164.43
2012-10-08,1164.41
2012-10-09,1164.39
2012-10-10,1164.37
2012-10-11,1164.36
2012-10-12,1164.36
2012-10-13,1164.35
2012-10-14,1164.33
2012-10-15,1164.31
2012-10-16,1164.3
2012-10-17,1164.26
2012-10-18,1164.24
2012-10-19,1164.21
2012-10-20,1164.2
2012-10-21,1164.18
2012-10-22,1164.18
2012-10-23,1164.2
2012-10-24,1164.18
2012-10-25,1164.14
2012-10-26,1164.09
2012-10-27,1164.07
2012-10-28,1164.05
2012-10-29,1164.03
2012-10-30,1164.01
2012-10-31,1163.99
2012-11-01,1163.98
2012-11-02,1163.96
2012-11-03,1163.93
2012-11-04,1163.91
2012-11-05,1163.89
2012-11-06,1163.87
2012-11-07,1163.85
2012-11-08,1163.84
2012-11-09,1163.82
2012-11-10,1163.79
2012-11-11,1163.77
2012-11-12,1163.74
2012-11-13,1163.72
2012-11-14,1163.69
2012-11-15,1163.67
2012-11-16,1163.65
2012-11-17,1163.63
2012-11-18,1163.61
2012-11-19,1163.59
2012-11-20,1163.57
2012-11-21,1163.55
2012-11-22,1163.54
2012-11-23,1163.5
2012-11-24,1163.49
2012-11-25,1163.47
2012-11-26,1163.44
2012-11-27,1163.41
2012-11-28,1163.4
2012-11-29,1163.38
2012-11-30,1163.37
2012-12-01,1163.36
2012-12-02,1163.34
2012-12-03,1163.33
2012-12-04,1163.3
2012-12-05,1163.28
2012-12-06,1163.27
2012-12-07,1163.24
2012-12-08,1163.22
2012-12-09,1163.19
2012-12-10,1163.17
2012-12-12,1163.13
2012-12-13,1163.11
2012-12-14,1163.09
2012-12-15,1163.1
2012-12-16,1163.08
2012-12-17,1163.06
2012-12-18,1163.04
2012-12-19,1163.03
2012-12-20,1162.99
2012-12-21,1162.98
2012-12-22,1162.96
2012-12-23,1162.94
2012-12-24,1162.92
2012-12-26,1162.87
2012-12-27,1162.86
2012-12-30,1162.81
2012-12-31,1162.8
2013-01-03,1162.77
2013-01-04,1162.76
2013-01-05,1162.74
2013-01-06,1162.73
2013-01-07,1162.71
2013-01-08,1162.71
2013-01-09,1162.74
2013-01-10,1162.8
2013-01-11,1162.79
2013-01-12,1162.77
2013-01-13,1162.75
2013-01-16,1162.7
2013-01-17,1162.68
2013-01-18,1162.67
2013-01-24,1162.62
2013-01-25,1162.61
2013-01-26,1162.59
2013-01-27,1162.59
2013-01-28,1162.58
2013-01-30,1162.55
2013-01-31,1162.53
2013-02-01,1162.51
2013-02-02,1162.49
2013-02-06,1162.43
2013-02-07,1162.41
2013-02-08,1162.39
2013-02-09,1162.37
2013-02-10,1162.36
2013-02-11,1162.32
2013-02-12,1162.32
2013-02-13,1162.3
2013-02-14,1162.28
2013-02-15,1162.25
2013-02-16,1162.25
2013-02-17,1162.25
2013-02-18,1162.22
2013-02-19,1162.18
2013-02-20,1162.19
2013-02-21,1162.21
2013-02-22,1162.19
2013-02-23,1162.18
2013-02-24,1162.17
2013-02-25,1162.16
2013-02-26,1162.13
2013-02-27,1162.1
2013-02-28,1162.09
2013-03-01,1162.08
2013-03-02,1162.06
2013-03-03,1162.07
2013-03-04,1162.03
2013-03-05,1161.98
2013-03-06,1161.97
2013-03-07,1161.96
2013-03-08,1161.94
2013-03-09,1161.95
2013-03-10,1161.92
2013-03-11,1161.9
2013-03-12,1161.88
2013-03-13,1161.87
2013-03-14,1161.86
2013-03-15,1161.84
2013-03-16,1161.83
2013-03-17,1161.79
2013-03-18,1161.77
2013-03-19,1161.75
2013-03-20,1161.73
2013-03-21,1161.72
2013-03-22,1161.68
2013-03-23,1161.66
2013-03-24,1161.64
2013-03-25,1161.61
2013-03-26,1161.59
2013-03-27,1161.58
2013-03-28,1161.55
2013-03-29,1161.53
2013-03-30,1161.53
2013-03-31,1161.51
2013-04-01,1161.49
2013-04-02,1161.66
2013-04-03,1161.74
2013-04-04,1161.73
2013-04-05,1161.72
2013-04-06,1161.71
2013-04-07,1161.69
2013-04-08,1161.68
2013-04-09,1161.65
2013-04-10,1161.63
2013-04-11,1161.62
2013-04-12,1161.6
2013-04-13,1161.57
2013-04-14,1161.56
2013-04-15,1161.54
2013-04-16,1161.51
2013-04-17,1161.51
2013-04-18,1161.47
2013-04-19,1161.44
2013-04-20,1161.41
2013-04-21,1161.36
2013-04-22,1161.34
2013-04-23,1161.28
2013-04-24,1161.25
2013-04-25,1161.23
2013-04-26,1161.21
2013-04-27,1161.17
2013-04-28,1161.16
2013-04-29,1161.14
2013-04-30,1161.12
2013-05-01,1161.08
2013-05-02,1161.01
2013-05-03,1160.99
2013-05-04,1160.96
2013-05-05,1160.92
2013-05-06,1160.9
2013-05-07,1160.88
2013-05-08,1160.86
2013-05-09,1160.84
2013-05-10,1160.83
2013-05-11,1160.86
2013-05-12,1160.83
2013-05-13,1160.81
2013-05-14,1160.79
2013-05-15,1160.77
2013-05-16,1160.74
2013-05-17,1160.73
2013-05-18,1160.72
2013-05-19,1160.69
2013-05-20,1160.66
2013-05-22,1160.62
2013-05-23,1160.59
2013-05-24,1160.59
2013-05-25,1160.6
2013-05-26,1160.58
2013-05-27,1160.56
2013-05-28,1160.53
2013-05-29,1160.51
2013-05-30,1160.48
2013-05-31,1160.45
2013-06-01,1160.39
2013-06-02,1160.35
2013-06-03,1160.33
2013-06-04,1160.29
2013-06-05,1160.25
2013-06-06,1160.28
2013-06-07,1160.27
2013-06-08,1160.24
2013-06-09,1160.26
2013-06-10,1160.25
2013-06-11,1160.22
2013-06-12,1160.19
2013-06-13,1160.15
2013-06-14,1160.12
2013-06-15,1160.09
2013-06-16,1160.06
2013-06-17,1160.02
2013-06-18,1159.99
2013-06-19,1160.04
2013-06-20,1160.26
2013-06-21,1160.25
2013-06-22,1160.22
2013-06-23,1160.17
2013-06-24,1160.12
2013-06-25,1160.09
2013-06-26,1160.04
2013-06-27,1160.0
2013-06-28,1159.96
2013-06-29,1159.92
2013-06-30,1159.89
2013-07-01,1159.84
2013-07-02,1159.79
2013-07-03,1159.75
2013-07-04,1159.71
2013-07-05,1159.68
2013-07-06,1159.64
2013-07-07,1159.6
2013-07-08,1159.57
2013-07-09,1159.54
2013-07-10,1159.5
2013-07-11,1159.47
2013-07-12,1159.45
2013-07-13,1159.41
2013-07-14,1159.36
2013-07-15,1159.38
2013-07-16,1160.11
2013-07-17,1162.59
2013-07-18,1163.36
2013-07-19,1163.45
2013-07-20,1163.47
2013-07-21,1163.46
2013-07-22,1163.44
2013-07-23,1163.43
2013-07-24,1163.39
2013-07-25,1163.37
2013-07-26,1163.34
2013-07-27,1163.3
2013-07-28,1163.28
2013-07-29,1163.25
2013-07-30,1163.22
2013-07-31,1163.18
2013-08-01,1163.15
2013-08-02,1163.13
2013-08-03,1163.09
2013-08-04,1163.05
2013-08-05,1163.01
2013-08-06,1162.98
2013-08-07,1162.93
2013-08-08,1162.9
2013-08-09,1162.88
2013-08-10,1162.86
2013-08-11,1162.84
2013-08-12,1162.8
2013-08-13,1162.78
2013-08-14,1162.76
2013-08-17,1162.77
2013-08-18,1162.74
2013-08-19,1162.71
2013-08-20,1162.68
2013-08-21,1162.65
2013-08-22,1162.63
2013-08-23,1162.6
2013-08-24,1162.58
2013-08-25,1162.55
2013-08-26,1162.51
2013-08-27,1162.49
2013-08-28,1162.46
2013-08-29,1162.43
2013-08-30,1162.41
2013-08-31,1162.38
2013-09-01,1162.36
2013-09-02,1162.34
2013-09-03,1162.3
2013-09-04,1162.26
2013-09-05,1162.23
2013-09-06,1162.22
2013-09-07,1162.2
2013-09-08,1162.17
2013-09-09,1162.13
2013-09-10,1162.09
2013-09-11,1162.05
2013-09-12,1162.02
2013-09-13,1162.0
2013-09-14,1161.97
2013-09-15,1161.93
2013-09-16,1161.91
2013-09-17,1161.89
2013-09-18,1161.87
2013-09-19,1161.84
2013-09-20,1161.91
2013-09-21,1161.93
2013-09-22,1161.91
2013-09-23,1161.88
2013-09-24,1161.83
2013-09-25,1161.83
2013-09-26,1161.79
2013-09-27,1161.76
2013-09-28,1161.76
2013-09-29,1161.77
2013-09-30,1161.75
2013-10-01,1161.72
2013-10-02,1161.7
2013-10-03,1161.7
2013-10-04,1161.65
2013-10-05,1161.6
2013-10-06,1161.57
2013-10-07,1161.54
2013-10-08,1161.51
2013-10-09,1161.49
2013-10-10,1161.46
2013-10-11,1161.43
2013-10-12,1161.4
2013-10-13,1161.37
2013-10-14,1161.4
2013-10-15,1161.41
2013-10-16,1161.41
2013-10-17,1161.38
2013-10-18,1161.36
2013-10-19,1161.33
2013-10-20,1161.3
2013-10-21,1161.27
2013-10-22,1161.25
2013-10-23,1161.23
2013-10-24,1161.21
2013-10-25,1161.19
2013-10-26,1161.18
2013-10-27,1161.16
2013-10-28,1161.15
2013-10-29,1161.15
2013-10-30,1161.14
2013-10-31,1161.12
2013-11-01,1161.08
2013-11-02,1161.05
2013-11-03,1161.03
2013-11-04,1161.01
2013-11-05,1160.99
2013-11-06,1160.97
2013-11-07,1160.95
2013-11-08,1160.94
2013-11-09,1160.91
2013-11-10,1160.89
2013-11-11,1160.88
2013-11-12,1160.84
2013-11-13,1160.82
2013-11-14,1160.8
2013-11-15,1160.78
2013-11-16,1160.78
2013-11-17,1160.76
2013-11-18,1160.73
2013-11-19,1160.71
2013-11-20,1160.7
2013-11-21,1160.68
2013-11-22,1160.64
2013-11-23,1160.63
2013-11-24,1160.62
2013-11-25,1160.62
2013-11-26,1160.6
2013-11-27,1160.58
2013-11-28,1160.57
2013-11-29,1160.55
2013-11-30,1160.54
2013-12-01,1160.54
2013-12-02,1160.53
2013-12-03,1160.52
2013-12-04,1160.5
2013-12-05,1160.46
2013-12-06,1160.48
2013-12-07,1160.46
2013-12-08,1160.45
2013-12-09,1160.43
2013-12-10,1160.42
2013-12-11,1160.41
2013-12-12,1160.39
2013-12-13,1160.4
2013-12-14,1160.38
2013-12-15,1160.37
2013-12-16,1160.36
2013-12-17,1160.35
2013-12-18,1160.35
2013-12-19,1160.35
2013-12-20,1160.32
2013-12-21,1160.42
2013-12-22,1160.41
2013-12-23,1160.39
2013-12-24,1160.39
2013-12-25,1160.36
2013-12-26,1160.35
2013-12-27,1160.34
2013-12-28,1160.33
2013-12-29,1160.32
2013-12-30,1160.3
2013-12-31,1160.29
2014-01-01,1160.29
2014-01-02,1160.25
2014-01-03,1160.25
2014-01-04,1160.25
2014-01-05,1160.21
2014-01-06,1160.18
2014-01-07,1160.18
2014-01-08,1160.18
2014-01-09,1160.17
2014-01-10,1160.16
2014-01-11,1160.15
2014-01-12,1160.16
2014-01-13,1160.15
2014-01-14,1160.11
2014-01-15,1160.09
2014-01-16,1160.08
2014-01-17,1160.05
2014-01-18,1160.05
2014-01-19,1160.05
2014-01-20,1160.03
2014-01-21,1160.01
2014-01-22,1159.99
2014-01-23,1159.94
2014-01-24,1159.94
2014-01-25,1159.92
2014-01-26,1159.91
2014-01-27,1159.9
2014-01-28,1159.9
2014-01-29,1159.9
2014-01-30,1159.84
2014-01-31,1159.82
2014-02-01,1159.82
2014-02-02,1159.79
2014-02-03,1159.82
2014-02-04,1159.81
2014-02-05,1159.77
2014-02-06,1159.75
2014-02-07,1159.75
2014-02-08,1159.74
2014-02-09,1159.73
2014-02-10,1159.71
2014-02-11,1159.72
2014-02-12,1159.71
2014-02-13,1159.73
2014-02-14,1159.69
2014-02-15,1159.69
2014-02-16,1159.67
2014-02-17,1159.67
2014-02-18,1159.66
2014-02-19,1159.66
2014-02-20,1159.62
2014-02-21,1159.62
2014-02-22,1159.6
2014-02-23,1159.58
2014-02-24,1159.56
2014-02-25,1159.56
2014-02-26,1159.55
2014-02-27,1159.54
2014-03-02,1159.5
2014-03-03,1159.43
2014-03-04,1159.41
2014-03-05,1159.4
2014-03-06,1159.4
2014-03-07,1159.42
2014-03-08,1159.38
2014-03-09,1159.37
2014-03-10,1159.37
2014-03-11,1159.37
2014-03-12,1159.34
2014-03-13,1159.33
2014-03-14,1159.32
2014-03-15,1159.33
2014-03-16,1159.34
2014-03-17,1159.35
2014-03-18,1159.3
2014-03-19,1159.24
2014-03-20,1159.24
2014-03-21,1159.23
2014-03-22,1159.2
2014-03-23,1159.16
2014-03-26,1159.13
2014-03-27,1159.12
2014-03-28,1159.1
2014-03-29,1159.08
2014-03-30,1159.1
2014-03-31,1159.07
2014-04-01,1159.03
2014-04-02,1159.03
2014-04-03,1159.03
2014-04-04,1158.98
2014-04-05,1158.97
2014-04-06,1158.94
2014-04-07,1158.94
2014-04-08,1158.92
2014-04-09,1158.92
2014-04-11,1158.84
2014-04-12,1158.84
2014-04-13,1158.82
2014-04-14,1158.74
2014-04-15,1158.71
2014-04-16,1158.69
2014-04-17,1158.64
2014-04-18,1158.63
2014-04-19,1158.62
2014-04-20,1158.63
2014-04-21,1158.64
2014-04-22,1158.63
2014-04-23,1158.65
2014-04-24,1158.64
2014-04-25,1158.6
2014-04-26,1158.57
2014-04-28,1158.46
2014-04-29,1158.42
2014-04-30,1158.37
2014-05-01,1158.32
2014-05-02,1158.3
2014-05-03,1158.27
2014-05-04,1158.27
2014-05-09,1158.11
2014-05-10,1158.1
2014-05-11,1158.05
2014-05-13,1157.88
2014-05-15,1157.85
2014-05-20,1157.69
2014-05-22,1157.59
2014-05-23,1157.56
2014-05-24,1157.56
2014-05-25,1157.64
2014-05-26,1157.64
2014-05-27,1157.63
2014-05-28,1157.59
2014-05-29,1157.57
2014-05-30,1157.55
2014-05-31,1157.52
2014-06-01,1157.51
2014-06-02,1157.47
2014-06-03,1157.44
2014-06-04,1157.42
2014-06-05,1157.38
2014-06-07,1157.29
2014-06-08,1157.3
2014-06-09,1157.34
2014-06-10,1157.31
2014-06-11,1157.28
2014-06-12,1157.25
2014-06-13,1157.23
2014-06-14,1157.21
2014-06-15,1157.18
2014-06-16,1157.15
2014-06-17,1157.11
2014-06-19,1157.05
2014-06-20,1157.01
2014-06-21,1156.97
2014-06-22,1156.94
2014-06-23,1156.91
2014-06-24,1156.89
2014-06-25,1156.87
2014-06-26,1156.86
2014-06-27,1156.84
2014-06-28,1156.8
2014-06-29,1156.76
2014-06-30,1156.72
2014-07-01,1156.65
2014-07-02,1156.61
2014-07-03,1156.58
2014-07-04,1156.56
2014-07-05,1156.53
2014-07-06,1156.49
2014-07-07,1156.46
2014-07-08,1156.42
2014-07-09,1156.38
2014-07-10,1156.35
2014-07-11,1156.3
2014-07-12,1156.24
2014-07-13,1156.19
2014-07-14,1156.16
2014-07-15,1156.12
2014-07-16,1156.09
2014-07-17,1156.23
2014-07-18,1156.54
2014-07-19,1156.59
2014-07-20,1156.6
2014-07-21,1156.59
2014-07-22,1156.57
2014-07-23,1156.54
2014-07-24,1156.51
2014-07-25,1156.48
2014-07-26,1156.43
2014-07-27,1156.39
2014-07-28,1156.34
2014-07-29,1156.3
2014-07-30,1156.27
2014-07-31,1156.22
2014-08-01,1156.19
2014-08-02,1156.16
2014-08-03,1156.13
2014-08-04,1156.1
2014-08-05,1156.07
2014-08-06,1156.04
2014-08-07,1156.0
2014-08-08,1155.97
2014-08-09,1155.95
2014-08-10,1155.93
2014-08-11,1155.93
2014-08-12,1155.9
2014-08-13,1155.87
2014-08-14,1155.84
2014-08-15,1155.8
2014-08-16,1155.76
2014-08-17,1155.73
2014-08-18,1155.7
2014-08-19,1155.66
2014-08-20,1155.63
2014-08-21,1155.6
2014-08-22,1155.55
2014-08-23,1155.5
2014-08-24,1155.47
2014-08-25,1155.43
2014-08-26,1155.39
2014-08-27,1155.36
2014-08-28,1155.32
2014-08-29,1155.33
2014-08-30,1155.35
2014-08-31,1155.33
2014-09-01,1155.3
2014-09-02,1155.25
2014-09-03,1155.22
2014-09-04,1155.18
2014-09-05,1155.14
2014-09-06,1155.1
2014-09-07,1155.07
2014-09-08,1155.06
2014-09-09,1155.04
2014-09-10,1155.01
2014-09-11,1154.95
2014-09-12,1154.91
2014-09-13,1154.88
2014-09-14,1154.87
2014-09-15,1154.85
2014-09-16,1154.84
2014-09-17,1154.83
2014-09-18,1154.84
2014-09-19,1154.84
2014-09-20,1154.83
2014-09-21,1154.82
2014-09-22,1154.79
2014-09-23,1154.76
2014-09-24,1154.73
2014-09-25,1154.71
2014-09-26,1154.69
2014-09-27,1154.67
2014-09-28,1154.65
2014-09-29,1154.63
2014-09-30,1154.62
2014-10-01,1154.6
2014-10-02,1154.57
2014-10-03,1154.52
2014-10-04,1154.49
2014-10-05,1154.46
2014-10-06,1154.45
2014-10-07,1154.44
2014-10-08,1154.41
2014-10-09,1154.38
2014-10-10,1154.34
2014-10-11,1154.32
2014-10-12,1154.31
2014-10-13,1154.4
2014-10-14,1154.37
2014-10-15,1154.34
2014-10-16,1154.33
2014-10-17,1154.29
2014-10-18,1154.27
2014-10-19,1154.28
2014-10-20,1154.26
2014-10-21,1154.23
2014-10-22,1154.2
2014-10-23,1154.17
2014-10-24,1154.16
2014-10-25,1154.14
2014-10-26,1154.14
2014-10-27,1154.11
2014-10-28,1154.06
2014-10-29,1154.03
2014-10-30,1154.01
2014-10-31,1153.97
2014-11-01,1153.94
2014-11-02,1153.91
2014-11-03,1153.88
2014-11-04,1153.93
2014-11-05,1153.99
2014-11-06,1153.97
2014-11-07,1153.96
2014-11-08,1153.93
2014-11-09,1153.92
2014-11-10,1153.92
2014-11-11,1153.83
2014-11-12,1153.77
2014-11-13,1153.73
2014-11-14,1153.72
2014-11-15,1153.71
2014-11-16,1153.66
2014-11-17,1153.65
2014-11-18,1153.65
2014-11-19,1153.62
2014-11-20,1153.61
2014-11-21,1153.61
2014-11-22,1153.66
2014-11-23,1153.88
2014-11-24,1153.99
2014-11-25,1154.02
2014-11-26,1154.03
2014-11-27,1154.02
2014-11-28,1154.04
2014-11-29,1154.05
2014-11-30,1154.03
2014-12-01,1153.97
2014-12-02,1153.97
2014-12-03,1153.96
2014-12-04,1153.97
2014-12-05,1153.98
2014-12-06,1153.96
2014-12-07,1153.94
2014-12-08,1153.94
2014-12-09,1153.94
2014-12-10,1153.93
2014-12-11,1153.93
2014-12-12,1153.93
2014-12-13,1153.92
2014-12-14,1153.93
2014-12-15,1153.9
2014-12-16,1153.87
2014-12-17,1153.85
2014-12-18,1153.86
2014-12-19,1153.85
2014-12-20,1153.84
2014-12-21,1153.85
2014-12-22,1153.83
2014-12-23,1153.82
2014-12-24,1153.81
2014-12-25,1153.79
2014-12-26,1153.77
2014-12-27,1153.74
2014-12-28,1153.75
2014-12-29,1153.73
2014-12-30,1153.69
2014-12-31,1153.67
2015-01-01,1153.67
2015-01-02,1153.67
2015-01-03,1153.71
2015-01-04,1153.67
2015-01-05,1153.66
2015-01-06,1153.64
2015-01-07,1153.6
2015-01-08,1153.6
2015-01-09,1153.56
2015-01-10,1153.56
2015-01-11,1153.55
2015-01-12,1153.52
2015-01-13,1153.51
2015-01-14,1153.5
2015-01-15,1153.49
2015-01-16,1153.48
2015-01-17,1153.48
2015-01-18,1153.46
2015-01-19,1153.45
2015-01-20,1153.43
2015-01-21,1153.42
2015-01-22,1153.47
2015-01-23,1153.48
2015-01-24,1153.47
2015-01-25,1153.46
2015-01-26,1153.45
2015-01-27,1153.43
2015-01-28,1153.43
2015-01-29,1153.4
2015-01-30,1153.38
2015-01-31,1153.37
2015-02-01,1153.38
2015-02-02,1153.36
2015-02-03,1153.34
2015-02-04,1153.32
2015-02-05,1153.29
2015-02-06,1153.28
2015-02-07,1153.28
2015-02-08,1153.26
2015-02-09,1153.23
2015-02-10,1153.22
2015-02-11,1153.18
2015-02-12,1153.15
2015-02-13,1153.14
2015-02-14,1153.13
2015-02-15,1153.1
2015-02-16,1153.07
2015-02-17,1153.05
2015-02-18,1153.02
2015-02-19,1153.01
2015-02-20,1153.02
2015-02-21,1152.96
2015-02-22,1152.93
2015-02-23,1152.93
2015-02-24,1152.93
2015-02-25,1152.93
2015-02-26,1152.89
2015-02-27,1152.89
2015-02-28,1152.9
2015-03-01,1152.9
2015-03-02,1152.89
2015-03-05,1152.92
2015-03-06,1152.91
2015-03-07,1152.89
2015-03-08,1152.88
2015-03-09,1152.87
2015-03-10,1152.88
2015-03-11,1152.88
2015-03-12,1152.88
2015-03-13,1152.86
2015-03-14,1152.84
2015-03-15,1152.83
2015-03-16,1152.82
2015-03-17,1152.79
2015-03-18,1152.77
2015-03-19,1152.77
2015-03-20,1152.74
2015-03-21,1152.73
2015-03-22,1152.75
2015-03-23,1152.74
2015-03-24,1152.72
2015-03-25,1152.71
2015-03-26,1152.64
2015-03-27,1152.62
2015-03-28,1152.6
2015-03-29,1152.58
2015-03-30,1152.54
2015-03-31,1152.53
2015-04-01,1152.52
2015-04-02,1152.51
2015-04-03,1152.44
2015-04-04,1152.39
2015-04-05,1152.36
2015-04-06,1152.37
2015-04-07,1152.35
2015-04-08,1152.33
2015-04-09,1152.32
2015-04-10,1152.28
2015-04-11,1152.26
2015-04-12,1152.26
2015-04-13,1152.22
2015-04-14,1152.22
2015-04-15,1152.21
2015-04-16,1152.19
2015-04-17,1152.17
2015-04-18,1152.18
2015-04-19,1152.17
2015-04-20,1152.13
2015-04-21,1152.12
2015-04-22,1152.1
2015-04-23,1152.15
2015-04-24,1152.15
2015-04-25,1152.15
2015-04-26,1152.12
2015-04-27,1152.12
2015-04-28,1152.13
2015-04-29,1152.13
2015-04-30,1152.11
2015-05-01,1152.09
2015-05-02,1152.07
2015-05-03,1152.04
2015-05-04,1152.01
2015-05-05,1152.0
2015-05-06,1151.99
2015-05-07,1151.98
2015-05-08,1152.04
2015-05-09,1152.52
2015-05-10,1153.1
2015-05-11,1154.06
2015-05-12,1154.23
2015-05-13,1154.3
2015-05-14,1154.37
2015-05-15,1154.38
2015-05-16,1154.39
2015-05-17,1155.48
2015-05-18,1156.7
2015-05-19,1156.84
2015-05-20,1156.85
2015-05-21,1156.86
2015-05-22,1156.86
2015-05-23,1156.89
2015-05-24,1156.89
2015-05-25,1156.95
2015-05-26,1157.01
2015-05-27,1157.78
2015-05-28,1159.46
2015-05-29,1160.38
2015-05-30,1162.1
2015-05-31,1162.84
2015-06-01,1162.99
2015-06-02,1163.03
2015-06-03,1163.04
2015-06-04,1163.03
2015-06-05,1163.01
2015-06-06,1163.01
2015-06-07,1162.99
2015-06-08,1162.97
2015-06-09,1162.95
2015-06-10,1162.95
2015-06-11,1162.93
2015-06-12,1162.9
2015-06-13,1162.87
2015-06-14,1162.94
2015-06-15,1162.95
2015-06-16,1163.01
2015-06-17,1163.18
2015-06-18,1163.27
2015-06-19,1163.3
2015-06-20,1163.3
2015-06-21,1163.27
2015-06-22,1163.25
2015-06-23,1163.22
2015-06-24,1163.21
2015-06-25,1163.2
2015-06-26,1163.17
2015-06-27,1163.15
2015-06-28,1163.14
2015-06-29,1163.12
2015-06-30,1163.1
2015-07-01,1163.08
2015-07-02,1163.04
2015-07-03,1163.0
2015-07-04,1162.97
2015-07-05,1162.95
2015-07-06,1162.92
2015-07-07,1163.12
2015-07-08,1164.11
2015-07-09,1165.49
2015-07-10,1166.1
2015-07-11,1166.14
2015-07-12,1166.14
2015-07-13,1166.13
2015-07-14,1166.12
2015-07-15,1166.1
2015-07-16,1166.08
2015-07-17,1166.06
2015-07-18,1166.03
2015-07-19,1166.01
2015-07-20,1165.99
2015-07-21,1165.96
2015-07-24,1165.88
2015-07-25,1165.85
2015-07-26,1165.82
2015-07-27,1165.8
2015-07-28,1165.77
2015-07-29,1165.74
2015-07-30,1165.71
2015-07-31,1165.68
2015-08-01,1165.66
2015-08-02,1165.64
2015-08-03,1165.61
2015-08-04,1165.58
2015-08-05,1165.55
2015-08-06,1165.52
2015-08-07,1165.48
2015-08-08,1165.45
2015-08-09,1165.41
2015-08-10,1165.37
2015-08-11,1165.34
2015-08-12,1165.31
2015-08-13,1165.28
2015-08-14,1165.24
2015-08-15,1165.21
2015-08-16,1165.18
2015-08-17,1165.15
2015-08-18,1165.12
2015-08-19,1165.06
2015-08-20,1165.03
2015-08-21,1165.0
2015-08-22,1164.98
2015-08-23,1164.95
2015-08-24,1164.92
2015-08-25,1164.9
2015-08-26,1164.87
2015-08-27,1164.85
2015-08-28,1164.81
2015-08-29,1164.79
2015-08-30,1164.75
2015-08-31,1164.73
2015-09-01,1164.7
2015-09-02,1164.67
2015-09-03,1164.64
2015-09-04,1164.61
2015-09-05,1164.59
2015-09-06,1164.56
2015-09-07,1164.53
2015-09-08,1164.51
2015-09-09,1164.52
2015-09-10,1164.51
2015-09-11,1164.48
2015-09-12,1164.45
2015-09-13,1164.43
2015-09-14,1164.38
2015-09-15,1164.33
2015-09-16,1164.3
2015-09-17,1164.28
2015-09-18,1164.25
2015-09-19,1164.21
2015-09-20,1164.2
2015-09-21,1164.19
2015-09-22,1164.16
2015-09-23,1164.13
2015-09-24,1164.1
2015-09-25,1164.08
2015-09-26,1164.06
2015-09-27,1164.04
2015-09-28,1164.01
2015-09-29,1163.99
2015-09-30,1163.97
2015-10-01,1163.94
2015-10-02,1163.9
2015-10-03,1163.87
2015-10-04,1163.84
2015-10-05,1163.81
2015-10-06,1163.79
2015-10-07,1163.77
2015-10-08,1163.75
2015-10-09,1163.73
2015-10-10,1163.71
2015-10-11,1163.7
2015-10-12,1163.67
2015-10-13,1163.64
2015-10-14,1163.62
2015-10-15,1163.6
2015-10-16,1163.55
2015-10-17,1163.52
2015-10-18,1163.49
2015-10-19,1163.47
2015-10-20,1163.43
2015-10-21,1163.41
2015-10-22,1163.49
2015-10-23,1163.71
2015-10-24,1163.82
2015-10-25,1163.83
2015-10-26,1163.82
2015-10-27,1163.82
2015-10-28,1163.8
2015-10-29,1163.78
2015-10-30,1164.0
2015-10-31,1165.44
2015-11-01,1165.93
2015-11-02,1165.98
2015-11-03,1165.98
2015-11-04,1165.97
2015-11-05,1165.98
2015-11-06,1165.96
2015-11-07,1165.94
2015-11-08,1165.93
2015-11-09,1165.91
2015-11-10,1165.91
2015-11-11,1165.9
2015-11-12,1165.86
2015-11-13,1165.84
2015-11-14,1165.83
2015-11-15,1165.82
2015-11-16,1165.84
2015-11-17,1165.89
2015-11-18,1165.86
2015-11-19,1165.82
2015-11-20,1165.81
2015-11-21,1165.77
2015-11-22,1165.76
2015-11-23,1165.74
2015-11-24,1165.73
2015-11-25,1165.72
2015-11-26,1165.72
2015-11-27,1165.79
2015-11-28,1166.24
2015-11-29,1167.14
2015-11-30,1168.05
2015-12-01,1168.33
2015-12-02,1168.4
2015-12-03,1168.43
2015-12-04,1168.44
2015-12-05,1168.45
2015-12-06,1168.45
2015-12-07,1168.46
2015-12-08,1168.46
2015-12-09,1168.45
2015-12-10,1168.45
2015-12-11,1168.45
2015-12-12,1168.45
2015-12-13,1168.49
2015-12-14,1168.46
2015-12-15,1168.44
2015-12-16,1168.43
2015-12-17,1168.42
2015-12-18,1168.4
2015-12-19,1168.39
2015-12-20,1168.4
2015-12-21,1168.38
2015-12-22,1168.38
2015-12-23,1168.37
2015-12-24,1168.34
2015-12-25,1168.33
2015-12-26,1168.32
2015-12-27,1168.46
2015-12-28,1168.91
2015-12-29,1169.21
2015-12-30,1169.36
2015-12-31,1169.43
2016-01-01,1169.46
2016-01-02,1169.49
2016-01-03,1169.5
2016-01-04,1169.51
2016-01-05,1169.51
2016-01-06,1169.51
2016-01-07,1169.53
2016-01-08,1169.52
2016-01-09,1169.52
2016-01-10,1169.51
2016-01-11,1169.5
2016-01-12,1169.5
2016-01-13,1169.5
2016-01-14,1169.51
2016-01-15,1169.49
2016-01-16,1169.47
2016-01-17,1169.47
2016-01-18,1169.45
2016-01-19,1169.45
2016-01-20,1169.44
2016-01-21,1169.43
2016-01-22,1169.42
2016-01-23,1169.41
2016-01-24,1169.42
2016-01-25,1169.4
2016-01-26,1169.38
2016-01-27,1169.37
2016-01-28,1169.36
2016-01-29,1169.37
2016-01-30,1169.35
2016-01-31,1169.34
2016-02-01,1169.33
2016-02-02,1169.32
2016-02-03,1169.29
2016-02-04,1169.27
2016-02-05,1169.26
2016-02-06,1169.24
2016-02-07,1169.22
2016-02-08,1169.2
2016-02-09,1169.19
2016-02-10,1169.18
2016-02-11,1169.16
2016-02-12,1169.15
2016-02-13,1169.14
2016-02-14,1169.14
2016-02-15,1169.13
2016-02-16,1169.11
2016-02-17,1169.11
2016-02-18,1169.12
2016-02-19,1169.09
2016-02-20,1169.08
2016-02-21,1169.06
2016-02-22,1169.05
2016-02-23,1169.11
2016-02-24,1169.13
2016-02-25,1169.1
2016-02-26,1169.09
2016-02-27,1169.09
2016-02-28,1169.07
2016-02-29,1169.06
2016-03-01,1169.04
2016-03-02,1169.04
2016-03-03,1169.0
2016-03-04,1168.99
2016-03-05,1168.97
2016-03-06,1168.98
2016-03-07,1168.97
2016-03-08,1169.03
2016-03-09,1169.07
2016-03-10,1169.07
2016-03-11,1169.08
2016-03-12,1169.1
2016-03-13,1169.12
2016-03-14,1169.11
2016-03-15,1169.1
2016-03-16,1169.08
2016-03-17,1169.07
2016-03-18,1169.06
2016-03-19,1169.03
2016-03-20,1169.02
2016-03-21,1169.01
2016-03-22,1169.01
2016-03-23,1168.98
2016-03-24,1168.93
2016-03-25,1168.91
2016-03-26,1168.89
2016-03-27,1168.86
2016-03-28,1168.85
2016-03-29,1168.84
2016-03-30,1168.86
2016-03-31,1168.88
2016-04-01,1168.86
2016-04-02,1168.85
2016-04-03,1168.84
2016-04-04,1168.83
2016-04-05,1168.82
2016-04-06,1168.79
2016-04-07,1168.77
2016-04-08,1168.75
2016-04-09,1168.76
2016-04-10,1168.77
2016-04-11,1168.75
2016-04-12,1168.74
2016-04-13,1168.74
2016-04-14,1168.74
2016-04-15,1168.73
2016-04-16,1168.72
2016-04-17,1168.91
2016-04-18,1169.58
2016-04-19,1170.19
2016-04-20,1171.39
2016-04-21,1173.09
2016-04-22,1173.98
2016-04-23,1174.18
2016-04-24,1174.25
2016-04-25,1174.29
2016-04-26,1174.32
2016-04-27,1174.35
2016-04-28,1174.35
2016-04-29,1174.36
2016-04-30,1174.35
2016-05-01,1174.33
2016-05-02,1174.33
2016-05-03,1174.39
2016-05-04,1174.44
2016-05-05,1174.45
2016-05-06,1174.44
2016-05-07,1174.44
2016-05-08,1174.44
2016-05-09,1174.55
2016-05-10,1174.59
2016-05-11,1174.61
2016-05-12,1174.82
2016-05-13,1175.53
2016-05-14,1175.87
2016-05-15,1175.97
2016-05-16,1176.02
2016-05-17,1176.04
2016-05-18,1176.08
2016-05-19,1176.12
2016-05-20,1176.16
2016-05-21,1176.19
2016-05-22,1176.2
2016-05-23,1176.22
2016-05-24,1176.23
2016-05-25,1176.23
2016-05-26,1176.23
2016-05-27,1176.91
2016-05-28,1177.87
2016-05-29,1178.08
2016-05-30,1180.02
2016-05-31,1183.1
2016-06-01,1184.24
2016-06-02,1184.18
2016-06-03,1184.34
2016-06-04,1185.48
2016-06-05,1184.93
2016-06-06,1183.89
2016-06-07,1182.99
2016-06-08,1182.86
2016-06-09,1182.84
2016-06-10,1182.86
2016-06-11,1182.88
2016-06-12,1182.93
2016-06-13,1182.95
2016-06-14,1182.96
2016-06-15,1182.96
2016-06-16,1182.96
2016-06-17,1182.96
2016-06-18,1182.94
2016-06-19,1182.93
2016-06-20,1182.92
2016-06-21,1182.91
2016-06-22,1182.89
2016-06-23,1182.87
2016-06-24,1182.85
2016-06-25,1182.82
2016-06-26,1182.8
2016-06-27,1182.78
2016-06-28,1182.77
2016-06-29,1182.75
2016-06-30,1182.73
2016-07-01,1182.72
2016-07-02,1182.7
2016-07-03,1182.66
2016-07-04,1182.64
2016-07-05,1182.64
2016-07-06,1182.64
2016-07-07,1182.6
2016-07-08,1182.56
2016-07-09,1182.54
2016-07-10,1182.51
2016-07-11,1182.48
2016-07-12,1182.45
2016-07-13,1182.41
2016-07-14,1182.37
2016-07-15,1182.33
2016-07-16,1182.3
2016-07-17,1182.28
2016-07-18,1182.24
2016-07-19,1182.2
2016-07-20,1182.18
2016-07-21,1182.14
2016-07-22,1182.11
2016-07-23,1182.08
2016-07-24,1182.05
2016-07-25,1182.02
2016-07-26,1181.99
2016-07-27,1181.97
2016-07-28,1181.94
2016-07-29,1181.92
2016-07-30,1181.89
2016-07-31,1181.86
2016-08-01,1181.83
2016-08-02,1181.78
2016-08-03,1181.75
2016-08-04,1181.72
2016-08-05,1181.69
2016-08-06,1181.66
2016-08-07,1181.63
2016-08-08,1181.6
2016-08-09,1181.59
2016-08-10,1181.58
2016-08-11,1181.56
2016-08-12,1181.53
2016-08-13,1181.51
2016-08-14,1181.47
2016-08-15,1181.44
2016-08-16,1181.42
2016-08-17,1181.39
2016-08-18,1181.53
2016-08-19,1181.66
2016-08-20,1181.77
2016-08-21,1181.84
2016-08-22,1181.85
2016-08-23,1181.9
2016-08-24,1181.87
2016-08-25,1181.84
2016-08-26,1181.82
2016-08-27,1181.8
2016-08-28,1181.78
2016-08-29,1181.76
2016-08-30,1181.75
2016-08-31,1181.75
2016-09-01,1181.75
2016-09-02,1181.8
2016-09-03,1181.78
2016-09-04,1181.77
2016-09-05,1181.75
2016-09-06,1181.72
2016-09-07,1181.7
2016-09-08,1181.68
2016-09-09,1181.65
2016-09-10,1181.63
2016-09-11,1181.62
2016-09-12,1181.61
2016-09-13,1181.58
2016-09-14,1181.57
2016-09-15,1181.57
2016-09-16,1181.64
2016-09-17,1181.72
2016-09-18,1181.76
2016-09-19,1181.75
2016-09-20,1181.74
2016-09-21,1181.72
2016-09-22,1181.71
2016-09-23,1181.69
2016-09-24,1181.67
2016-09-25,1181.74
2016-09-26,1181.79
2016-09-27,1181.82
2016-09-28,1181.81
2016-09-29,1181.79
2016-09-30,1181.78
2016-10-01,1181.76
2016-10-02,1181.74
2016-10-03,1181.73
2016-10-04,1181.71
2016-10-06,1181.67
2016-10-08,1181.7
2016-10-09,1181.69
2016-10-10,1181.68
2016-10-11,1181.66
2016-10-12,1181.64
2016-10-13,1181.62
2016-10-14,1181.65
2016-10-15,1181.82
2016-10-16,1181.84
2016-10-17,1181.84
2016-10-18,1181.82
2016-10-19,1181.81
2016-10-20,1181.85
2016-10-21,1181.88
2016-10-22,1181.88
2016-10-23,1181.87
2016-10-24,1181.85
2016-10-25,1181.85
2016-10-26,1181.84
2016-10-27,1181.83
2016-10-28,1181.82
2016-10-29,1181.81
2016-10-30,1181.79
2016-10-31,1181.78
2016-11-01,1181.77
2016-11-02,1181.76
2016-11-03,1182.03
2016-11-04,1182.43
2016-11-05,1182.52
2016-11-06,1182.58
2016-11-07,1182.71
2016-11-08,1182.9
2016-11-09,1182.92
2016-11-10,1182.94
2016-11-11,1182.96
2016-11-12,1182.96
2016-11-13,1182.96
2016-11-14,1182.96
2016-11-15,1182.96
2016-11-16,1182.96
2016-11-17,1182.96
2016-11-18,1182.92
2016-11-19,1182.91
2016-11-20,1182.9
2016-11-21,1182.89
2016-11-22,1182.88
2016-11-23,1182.87
2016-11-24,1182.86
2016-11-25,1182.84
2016-11-26,1182.84
2016-11-27,1182.86
2016-11-28,1182.85
2016-11-29,1182.83
2016-11-30,1182.8
2016-12-01,1182.8
2016-12-02,1182.79
2016-12-03,1182.83
2016-12-04,1182.85
2016-12-05,1182.86
2016-12-06,1182.85
2016-12-07,1182.85
2016-12-08,1182.82
2016-12-09,1182.83
2016-12-10,1182.83
2016-12-11,1182.84
2016-12-12,1182.81
2016-12-13,1182.8
2016-12-14,1182.8
2016-12-15,1182.8
2016-12-16,1182.82
2016-12-17,1182.78
2016-12-18,1182.76
2016-12-19,1182.75
2016-12-20,1182.74
2016-12-21,1182.74
2016-12-22,1182.72
2016-12-23,1182.72
2016-12-24,1182.72
2016-12-25,1182.74
2016-12-26,1182.73
2016-12-27,1182.72
2016-12-30,1182.71
2016-12-31,1182.69
2017-01-01,1182.67
2017-01-02,1182.69
2017-01-03,1182.67
2017-01-04,1182.66
2017-01-05,1182.63
2017-01-06,1182.61
2017-01-07,1182.61
2017-01-08,1182.6
2017-01-09,1182.6
2017-01-10,1182.58
2017-01-11,1182.58
2017-01-12,1182.57
2017-01-13,1182.55
2017-01-14,1182.58
2017-01-15,1182.63
2017-01-16,1182.69
2017-01-17,1182.72
2017-01-18,1182.78
2017-01-19,1182.82
2017-01-20,1182.83
2017-01-21,1182.83
2017-01-22,1182.83
2017-01-23,1182.82
2017-01-24,1182.81
2017-01-25,1182.81
2017-01-26,1182.8
2017-01-27,1182.79
2017-01-28,1182.78
2017-01-29,1182.77
2017-01-30,1182.76
2017-01-31,1182.76
2017-02-01,1182.75
2017-02-02,1182.72
2017-02-03,1182.72
2017-02-04,1182.72
2017-02-05,1182.72
2017-02-06,1182.72
2017-02-07,1182.71
2017-02-08,1182.7
2017-02-09,1182.69
2017-02-10,1182.69
2017-02-11,1182.69
2017-02-12,1182.66
2017-02-13,1182.67
2017-02-14,1182.82
2017-02-15,1182.9
2017-02-16,1182.93
2017-02-17,1182.94
2017-02-18,1182.94
2017-02-19,1182.96
2017-02-20,1183.28
2017-02-21,1183.34
2017-02-22,1183.03
2017-02-23,1183.05
2017-02-24,1183.07
2017-02-25,1183.08
2017-02-26,1183.09
2017-02-27,1183.11
2017-02-28,1183.13
2017-03-01,1183.12
2017-03-02,1183.13
2017-03-03,1183.14
2017-03-04,1183.14
2017-03-05,1183.15
2017-03-06,1183.18
2017-03-07,1183.14
2017-03-08,1183.15
2017-03-09,1183.15
2017-03-10,1183.14
2017-03-11,1183.14
2017-03-12,1183.14
2017-03-13,1183.14
2017-03-14,1183.14
2017-03-15,1183.12
2017-03-16,1183.13
2017-03-17,1183.13
2017-03-18,1183.12
2017-03-19,1183.13
2017-03-20,1183.13
2017-03-21,1183.11
2017-03-22,1183.11
2017-03-23,1183.12
2017-03-24,1183.09
2017-03-25,1183.05
2017-03-26,1183.04
2017-03-27,1183.02
2017-03-28,1183.01
2017-03-29,1183.04
2017-03-30,1183.03
2017-03-31,1183.02
2017-04-01,1183.01
2017-04-02,1183.15
2017-04-03,1183.15
2017-04-04,1183.16
2017-04-05,1183.13
2017-04-06,1183.12
2017-04-07,1183.12
2017-04-08,1183.12
2017-04-09,1183.12
2017-04-10,1183.08
2017-04-11,1183.06
2017-04-12,1183.05
2017-04-13,1183.05
2017-04-14,1183.06
2017-04-15,1183.05
2017-04-16,1183.04
2017-04-17,1183.04
2017-04-18,1183.05
2017-04-19,1183.05
2017-04-20,1183.03
2017-04-21,1183.02
2017-04-22,1182.97
2017-04-23,1182.96
2017-04-24,1182.95
2017-04-25,1182.93
2017-04-26,1182.89
2017-04-27,1182.89
2017-04-28,1182.86
2017-04-29,1182.85
2017-04-30,1182.84
2017-05-01,1182.78
2017-05-02,1182.77
2017-05-03,1182.74
2017-05-04,1182.71
2017-05-05,1182.69
2017-05-06,1182.68
2017-05-07,1182.66
2017-05-08,1182.64
2017-05-09,1182.62
2017-05-10,1182.62
2017-05-11,1182.64
2017-05-12,1182.61
2017-05-13,1182.6
2017-05-14,1182.59
2017-05-15,1182.58
2017-05-16,1182.57
2017-05-17,1182.58
2017-05-18,1182.56
2017-05-19,1182.57
2017-05-20,1182.57
2017-05-21,1182.55
2017-05-22,1182.54
2017-05-23,1182.54
2017-05-24,1182.57
2017-05-25,1182.59
2017-05-26,1182.57
2017-05-27,1182.57
2017-05-28,1182.53
2017-05-29,1182.53
2017-05-30,1182.51
2017-05-31,1182.49
2017-06-01,1182.5
2017-06-02,1182.59
2017-06-03,1182.8
2017-06-04,1183.0
2017-06-05,1183.16
2017-06-06,1183.18
2017-06-07,1183.18
2017-06-08,1183.17
2017-06-09,1183.15
2017-06-10,1183.13
2017-06-11,1183.12
2017-06-12,1183.09
2017-06-13,1183.06
2017-06-14,1183.04
2017-06-15,1183.02
2017-06-16,1183.0
2017-06-17,1182.98
2017-06-18,1182.95
2017-06-19,1182.93
2017-06-20,1182.92
2017-06-21,1182.9
2017-06-22,1182.88
2017-06-23,1182.85
2017-06-24,1182.95
2017-06-25,1182.97
2017-06-26,1182.95
2017-06-27,1182.94
2017-06-28,1182.91
2017-06-29,1182.88
2017-06-30,1182.85
2017-07-01,1182.91
2017-07-02,1182.92
2017-07-03,1182.9
2017-07-04,1182.87
2017-07-05,1182.85
2017-07-06,1182.83
2017-07-07,1182.82
2017-07-08,1182.8
2017-07-09,1182.77
2017-07-10,1182.75
2017-07-11,1182.73
2017-07-12,1182.7
2017-07-13,1182.66
2017-07-14,1182.63
2017-07-15,1182.61
2017-07-16,1182.59
2017-07-17,1182.57
2017-07-18,1182.54
2017-07-19,1182.52
2017-07-20,1182.49
2017-07-21,1182.46
2017-07-22,1182.43
2017-07-23,1182.4
2017-07-24,1182.38
2017-07-25,1182.35
2017-07-26,1182.32
2017-07-27,1182.29
2017-07-28,1182.27
2017-07-29,1182.23
2017-07-30,1182.2
2017-07-31,1182.17
2017-08-01,1182.14
2017-08-02,1182.13
2017-08-03,1182.12
2017-08-04,1182.1
2017-08-05,1182.08
2017-08-06,1182.06
2017-08-07,1182.04
2017-08-08,1182.02
2017-08-09,1182.0
2017-08-10,1181.98
2017-08-11,1181.94
2017-08-12,1181.94
2017-08-13,1181.99
2017-08-14,1181.98
2017-08-15,1181.96
2017-08-16,1181.95
2017-08-17,1181.93
2017-08-18,1181.9
2017-08-19,1181.9
2017-08-20,1181.89
2017-08-21,1181.86
2017-08-22,1181.83
2017-08-23,1181.81
2017-08-24,1181.8
2017-08-25,1181.81
2017-08-26,1181.81
2017-08-27,1181.78
2017-08-28,1181.77
2017-08-29,1181.74
2017-08-30,1181.71
2017-08-31,1181.69
2017-09-01,1181.67
2017-09-02,1181.66
2017-09-03,1181.65
2017-09-04,1181.63
2017-09-05,1181.6
2017-09-06,1181.57
2017-09-07,1181.54
2017-09-08,1181.51
2017-09-09,1181.48
2017-09-10,1181.46
2017-09-11,1181.44
2017-09-12,1181.43
2017-09-13,1181.41
2017-09-14,1181.39
2017-09-15,1181.37
2017-09-16,1181.35
2017-09-17,1181.32
2017-09-18,1181.3
2017-09-19,1181.3
2017-09-20,1181.27
2017-09-21,1181.25
2017-09-22,1181.23
2017-09-23,1181.2
2017-09-24,1181.18
2017-09-25,1181.19
2017-09-26,1181.22
2017-09-27,1181.25
2017-09-28,1181.29
2017-09-29,1181.28
2017-09-30,1181.27
2017-10-01,1181.27
2017-10-02,1181.26
2017-10-03,1181.23
2017-10-04,1181.23
2017-10-05,1181.22
2017-10-06,1181.21
2017-10-07,1181.18
2017-10-08,1181.17
2017-10-09,1181.14
2017-10-10,1181.09
2017-10-11,1181.07
2017-10-12,1181.06
2017-10-13,1181.04
2017-10-14,1181.04
2017-10-15,1181.01
2017-10-16,1181.0
2017-10-17,1180.97
2017-10-18,1180.95
2017-10-19,1180.92
2017-10-20,1180.91
2017-10-21,1180.91
2017-10-22,1180.92
2017-10-23,1180.9
2017-10-24,1180.87
2017-10-25,1180.85
2017-10-26,1180.84
2017-10-27,1180.77
2017-10-28,1180.76
2017-10-29,1180.74
2017-10-30,1180.71
2017-10-31,1180.7
2017-11-01,1180.71
2017-11-02,1180.69
2017-11-03,1180.67
2017-11-04,1180.67
2017-11-05,1180.67
2017-11-06,1180.65
2017-11-07,1180.63
2017-11-08,1180.65
2017-11-09,1180.67
2017-11-10,1180.66
2017-11-11,1180.66
2017-11-12,1180.65
2017-11-13,1180.64
2017-11-14,1180.65
2017-11-15,1180.64
2017-11-16,1180.63
2017-11-17,1180.64
2017-11-18,1180.61
2017-11-19,1180.6
2017-11-20,1180.59
2017-11-21,1180.56
2017-11-22,1180.54
2017-11-23,1180.53
2017-11-24,1180.52
2017-11-25,1180.51
2017-11-26,1180.5
2017-11-27,1180.5
2017-11-28,1180.49
2017-11-29,1180.47
2017-11-30,1180.45
2017-12-01,1180.45
2017-12-02,1180.44
2017-12-03,1180.45
2017-12-04,1180.45
2017-12-05,1180.41
2017-12-06,1180.4
2017-12-07,1180.38
2017-12-08,1180.38
2017-12-09,1180.36
2017-12-10,1180.35
2017-12-11,1180.34
2017-12-12,1180.32
2017-12-13,1180.32
2017-12-14,1180.3
2017-12-15,1180.3
2017-12-16,1180.3
2017-12-17,1180.28
2017-12-18,1180.28
2017-12-19,1180.3
2017-12-20,1180.32
2017-12-21,1180.32
2017-12-22,1180.3
2017-12-23,1180.3
2017-12-24,1180.28
2017-12-25,1180.27
2017-12-26,1180.26
2017-12-27,1180.25
2017-12-28,1180.25
2017-12-29,1180.25
2017-12-30,1180.24
2017-12-31,1180.23
2018-01-01,1180.22
2018-01-02,1180.22
2018-01-03,1180.21
2018-01-04,1180.2
2018-01-05,1180.2
2018-01-06,1180.2
2018-01-07,1180.2
2018-01-08,1180.19
2018-01-09,1180.19
2018-01-10,1180.19
2018-01-11,1180.18
2018-01-12,1180.16
2018-01-13,1180.15
2018-01-14,1180.15
2018-01-15,1180.12
2018-01-16,1180.11
2018-01-17,1180.11
2018-01-18,1180.11
2018-01-19,1180.11
2018-01-20,1180.11
2018-01-21,1180.11
2018-01-22,1180.09
2018-01-23,1180.08
2018-01-24,1180.07
2018-01-25,1180.07
2018-01-26,1180.07
2018-01-27,1180.06
2018-01-28,1180.06
2018-01-29,1180.05
2018-01-30,1180.06
2018-01-31,1180.05
2018-02-01,1180.01
2018-02-02,1180.0
2018-02-03,1180.01
2018-02-04,1179.98
2018-02-05,1179.98
2018-02-06,1179.97
2018-02-07,1179.96
2018-02-08,1179.95
2018-02-09,1179.96
2018-02-10,1179.93
2018-02-11,1179.92
2018-02-12,1179.91
2018-02-13,1179.91
2018-02-14,1179.91
2018-02-15,1179.92
2018-02-16,1179.9
2018-02-17,1179.92
2018-02-18,1179.92
2018-02-19,1179.94
2018-02-20,1179.96
2018-02-21,1180.03
2018-02-22,1180.07
2018-02-23,1180.08
2018-02-24,1180.1
2018-02-25,1180.1
2018-02-26,1180.09
2018-02-27,1180.09
2018-02-28,1180.1
2018-03-01,1180.13
2018-03-02,1180.15
2018-03-03,1180.15
2018-03-04,1180.16
2018-03-05,1180.15
2018-03-06,1180.14
2018-03-07,1180.13
2018-03-08,1180.13
2018-03-09,1180.13
2018-03-10,1180.11
2018-03-11,1180.08
2018-03-12,1180.08
2018-03-13,1180.06
2018-03-14,1180.06
2018-03-15,1180.06
2018-03-16,1180.05
2018-03-17,1180.02
2018-03-18,1180.03
2018-03-19,1180.02
2018-03-20,1179.99
2018-03-21,1179.98
2018-03-22,1179.98
2018-03-23,1179.98
2018-03-24,1179.96
2018-03-25,1179.95
2018-03-26,1179.94
2018-03-27,1180.02
2018-03-28,1180.05
2018-03-29,1180.04
2018-03-30,1180.03
2018-03-31,1180.03
2018-04-01,1180.0
2018-04-02,1179.99
2018-04-03,1179.97
2018-04-04,1179.95
2018-04-05,1179.94
2018-04-06,1179.92
2018-04-07,1179.89
2018-04-08,1179.88
2018-04-09,1179.86
2018-04-10,1179.86
2018-04-11,1179.86
2018-04-12,1179.85
2018-04-13,1179.84
2018-04-14,1179.76
2018-04-15,1179.73
2018-04-16,1179.74
2018-04-17,1179.72
2018-04-18,1179.68
2018-04-19,1179.66
2018-04-20,1179.64
2018-04-21,1179.62
2018-04-22,1179.6
2018-04-23,1179.6
2018-04-24,1179.59
2018-04-25,1179.59
2018-04-26,1179.6
2018-04-27,1179.58
2018-04-28,1179.57
2018-04-29,1179.56
2018-04-30,1179.55
2018-05-01,1179.54
2018-05-02,1179.54
2018-05-03,1179.61
2018-05-04,1179.62
2018-05-05,1179.61
2018-05-06,1179.6
2018-05-07,1179.59
2018-05-08,1179.58
2018-05-09,1179.54
2018-05-10,1179.52
2018-05-11,1179.51
2018-05-12,1179.47
2018-05-13,1179.45
2018-05-14,1179.44
2018-05-15,1179.43
2018-05-16,1179.41
2018-05-17,1179.4
2018-05-18,1179.43
2018-05-19,1179.41
2018-05-20,1179.37
2018-05-21,1179.37
2018-05-22,1179.37
2018-05-23,1179.35
2018-05-24,1179.33
2018-05-25,1179.31
2018-05-26,1179.3
2018-05-27,1179.27
2018-05-28,1179.25
2018-05-29,1179.23
2018-05-30,1179.2
2018-05-31,1179.17
2018-06-01,1179.14
2018-06-02,1179.11
2018-06-03,1179.06
2018-06-04,1179.15
2018-06-05,1179.17
2018-06-06,1179.15
2018-06-07,1179.12
2018-06-08,1179.15
2018-06-09,1179.15
2018-06-10,1179.13
2018-06-11,1179.12
2018-06-12,1179.1
2018-06-13,1179.08
2018-06-14,1179.05
2018-06-15,1179.01
2018-06-16,1178.98
2018-06-17,1178.94
2018-06-18,1178.91
2018-06-19,1178.88
2018-06-20,1178.87
2018-06-21,1178.85
2018-06-22,1178.83
2018-06-23,1178.8
2018-06-24,1178.77
2018-06-25,1178.71
2018-06-26,1178.7
2018-06-27,1178.66
2018-06-28,1178.63
2018-06-29,1178.6
2018-06-30,1178.56
2018-07-01,1178.53
2018-07-02,1178.52
2018-07-03,1178.49
2018-07-04,1178.46
2018-07-05,1178.43
2018-07-06,1178.4
2018-07-07,1178.38
2018-07-08,1178.36
2018-07-09,1178.34
2018-07-10,1178.33
2018-07-11,1178.31
2018-07-12,1178.31
2018-07-13,1178.31
2018-07-14,1178.29
2018-07-15,1178.27
2018-07-16,1178.25
2018-07-17,1178.22
2018-07-18,1178.19
2018-07-19,1178.17
2018-07-20,1178.13
2018-07-21,1178.1
2018-07-22,1178.08
2018-07-23,1178.04
2018-07-24,1178.0
2018-07-25,1177.98
2018-07-26,1177.95
2018-07-27,1177.93
2018-07-28,1177.91
2018-07-29,1177.89
2018-07-30,1177.91
2018-07-31,1177.92
2018-08-01,1177.9
2018-08-02,1177.87
2018-08-03,1177.84
2018-08-04,1177.81
2018-08-05,1177.78
2018-08-06,1177.75
2018-08-07,1177.72
2018-08-08,1177.7
2018-08-09,1177.69
2018-08-10,1177.68
2018-08-11,1177.66
2018-08-12,1177.64
2018-08-13,1177.64
2018-08-14,1177.63
2018-08-15,1177.61
2018-08-16,1177.59
2018-08-17,1177.56
2018-08-18,1177.55
2018-08-19,1177.57
2018-08-20,1177.55
2018-08-21,1177.53
2018-08-22,1177.5
2018-08-23,1177.49
2018-08-24,1177.46
2018-08-25,1177.42
2018-08-26,1177.39
2018-08-27,1177.36
2018-08-28,1177.32
2018-08-29,1177.28
2018-08-30,1177.26
2018-08-31,1177.23
2018-09-01,1177.2
2018-09-02,1177.25
2018-09-03,1177.38
2018-09-04,1177.37
2018-09-05,1177.37
2018-09-06,1177.36
2018-09-07,1177.41
2018-09-08,1177.49
2018-09-09,1177.5
2018-09-10,1177.48
2018-09-11,1177.47
2018-09-12,1177.45
2018-09-13,1177.44
2018-09-14,1177.42
2018-09-15,1177.41
2018-09-16,1177.4
2018-09-17,1177.38
2018-09-18,1177.36
2018-09-19,1177.34
2018-09-20,1177.31
2018-09-21,1177.33
2018-09-22,1177.5
2018-09-23,1177.5
2018-09-24,1177.5
2018-09-25,1177.49
2018-09-26,1177.45
2018-09-27,1177.44
2018-09-28,1177.42
2018-09-29,1177.4
2018-09-30,1177.39
2018-10-01,1177.37
2018-10-02,1177.36
2018-10-03,1177.35
2018-10-04,1177.32
2018-10-05,1177.31
2018-10-06,1177.31
2018-10-07,1177.57
2018-10-08,1177.6
2018-10-09,1177.74
2018-10-10,1177.88
2018-10-11,1177.9
2018-10-12,1177.9
2018-10-13,1178.08
2018-10-14,1178.5
2018-10-15,1178.63
2018-10-16,1178.83
2018-10-17,1179.06
2018-10-18,1179.95
2018-10-19,1181.0
2018-10-20,1181.49
2018-10-21,1181.68
2018-10-22,1181.74
2018-10-23,1181.76
2018-10-24,1181.85
2018-10-25,1182.44
2018-10-26,1182.75
2018-10-27,1182.82
2018-10-28,1182.85
2018-10-29,1182.87
2018-10-30,1182.89
2018-10-31,1182.94
2018-11-01,1183.24
2018-11-02,1183.33
2018-11-03,1183.38
2018-11-04,1183.38
2018-11-05,1183.4
2018-11-06,1183.4
2018-11-07,1183.41
2018-11-08,1183.41
2018-11-09,1183.4
2018-11-10,1183.41
2018-11-11,1183.38
2018-11-12,1183.37
2018-11-13,1183.36
2018-11-14,1183.36
2018-11-15,1183.35
2018-11-16,1183.35
2018-11-17,1183.35
2018-11-18,1183.33
2018-11-19,1183.32
2018-11-20,1183.32
2018-11-21,1183.32
2018-11-22,1183.32
2018-11-23,1183.32
2018-11-24,1183.31
2018-11-25,1183.29
2018-11-26,1183.27
2018-11-27,1183.27
2018-11-28,1183.27
2018-11-29,1183.26
2018-11-30,1183.26
2018-12-01,1183.25
2018-12-02,1183.22
2018-12-03,1183.2
2018-12-04,1183.19
2018-12-05,1183.18
2018-12-06,1183.17
2018-12-07,1183.17
2018-12-08,1183.23
2018-12-09,1183.24
2018-12-10,1183.24
2018-12-11,1183.24
2018-12-12,1183.24
2018-12-13,1183.25
2018-12-14,1183.44
2018-12-15,1183.71
2018-12-16,1183.56
2018-12-17,1183.47
2018-12-18,1183.41
2018-12-19,1183.37
2018-12-20,1183.38
2018-12-21,1183.39
2018-12-22,1183.4
2018-12-23,1183.4
2018-12-24,1183.41
2018-12-25,1183.41
2018-12-26,1183.47
2018-12-27,1183.71
2018-12-28,1183.61
2018-12-29,1183.42
2018-12-30,1183.41
2018-12-31,1183.54
2019-01-01,1183.61
2019-01-02,1183.66
2019-01-03,1183.7
2019-01-04,1183.72
2019-01-05,1183.75
2019-01-06,1183.77
2019-01-07,1183.76
2019-01-08,1183.68
2019-01-09,1183.6
2019-01-10,1183.52
2019-01-11,1183.48
2019-01-12,1183.46
2019-01-13,1183.41
2019-01-14,1183.37
2019-01-15,1183.39
2019-01-16,1183.41
2019-01-17,1183.43
2019-01-18,1183.45
2019-01-19,1183.44
2019-01-20,1183.45
2019-01-21,1183.47
2019-01-22,1183.46
2019-01-23,1183.45
2019-01-24,1183.45
2019-01-25,1183.45
2019-01-26,1183.45
2019-01-27,1183.46
2019-01-28,1183.44
2019-01-29,1183.45
2019-01-30,1183.45
2019-01-31,1183.45
2019-02-01,1183.45
2019-02-02,1183.46
2019-02-03,1183.48
2019-02-04,1183.48
2019-02-05,1183.48
2019-02-06,1183.49
2019-02-07,1183.5
2019-02-08,1183.49
2019-02-09,1183.48
2019-02-10,1183.49
2019-02-11,1183.52
2019-02-12,1183.51
2019-02-13,1183.52
2019-02-14,1183.5
2019-02-15,1183.47
2019-02-16,1183.46
2019-02-17,1183.45
2019-02-18,1183.43
2019-02-19,1183.42
2019-02-20,1183.41
2019-02-21,1183.39
2019-02-22,1183.39
2019-02-23,1183.41
2019-02-24,1183.37
2019-02-25,1183.37
2019-02-26,1183.36
2019-02-27,1183.36
2019-02-28,1183.35
2019-03-01,1183.34
2019-03-02,1183.34
2019-03-03,1183.32
2019-03-04,1183.31
2019-03-05,1183.31
2019-03-06,1183.31
2019-03-07,1183.3
2019-03-08,1183.3
2019-03-09,1183.32
2019-03-10,1183.3
2019-03-11,1183.31
2019-03-12,1183.32
2019-03-13,1183.54
2019-03-14,1183.61
2019-03-15,1183.62
2019-03-16,1183.62
2019-03-17,1183.62
2019-03-18,1183.61
2019-03-19,1183.61
2019-03-20,1183.57
2019-03-21,1183.48
2019-03-22,1183.39
2019-03-23,1183.38
2019-03-24,1183.37
2019-03-25,1183.36
2019-03-26,1183.36
2019-03-27,1183.36
2019-03-28,1183.35
2019-03-29,1183.35
2019-03-30,1183.3
2019-03-31,1183.29
2019-04-01,1183.28
2019-04-02,1183.28
2019-04-03,1183.26
2019-04-04,1183.25
2019-04-05,1183.24
2019-04-06,1183.27
2019-04-07,1183.29
2019-04-08,1183.29
2019-04-09,1183.29
2019-04-10,1183.28
2019-04-11,1183.24
2019-04-12,1183.2
2019-04-13,1183.24
2019-04-14,1183.33
2019-04-15,1183.34
2019-04-16,1183.33
2019-04-17,1183.32
2019-04-18,1183.29
2019-04-19,1183.27
2019-04-20,1183.26
2019-04-21,1183.25
2019-04-22,1183.23
2019-04-23,1183.28
2019-04-24,1183.57
2019-04-25,1183.62
2019-04-26,1183.45
2019-04-27,1183.38
2019-04-28,1183.4
2019-04-29,1183.41
2019-04-30,1183.42
2019-05-01,1183.43
2019-05-02,1183.85
2019-05-03,1183.73
2019-05-04,1184.02
2019-05-05,1183.77
2019-05-06,1183.35
2019-05-07,1183.34
2019-05-08,1183.69
2019-05-09,1183.54
2019-05-10,1183.4
2019-05-11,1183.44
2019-05-12,1183.63
2019-05-13,1183.52
2019-05-14,1183.44
2019-05-15,1183.38
2019-05-16,1183.38
2019-05-17,1183.39
2019-05-18,1183.62
2019-05-19,1183.61
2019-05-20,1183.45
2019-05-21,1183.49
2019-05-22,1183.5
2019-05-23,1183.46
2019-05-24,1183.39
2019-05-25,1183.39
2019-05-26,1183.39
2019-05-27,1183.39
2019-05-28,1183.38
2019-05-29,1183.45
2019-05-30,1183.61
2019-05-31,1183.5
2019-06-01,1183.5
2019-06-02,1183.54
2019-06-03,1183.58
2019-06-04,1183.37
2019-06-05,1183.41
2019-06-06,1183.56
2019-06-07,1183.53
2019-06-08,1183.46
2019-06-09,1183.43
2019-06-10,1183.37
2019-06-11,1183.39
2019-06-12,1183.4
2019-06-13,1183.41
2019-06-14,1183.43
2019-06-15,1183.42
2019-06-16,1183.43
2019-06-17,1183.47
2019-06-18,1183.48
2019-06-19,1183.46
2019-06-20,1183.41
2019-06-21,1183.43
2019-06-22,1183.41
2019-06-23,1183.41
2019-06-24,1183.41
2019-06-25,1183.48
2019-06-26,1183.5
2019-06-27,1183.49
2019-06-28,1183.48
2019-06-29,1183.47
2019-06-30,1183.46
2019-07-01,1183.45
2019-07-02,1183.43
2019-07-03,1183.42
2019-07-04,1183.4
2019-07-05,1183.38
2019-07-06,1183.36
2019-07-07,1183.35
2019-07-08,1183.41
2019-07-09,1183.49
2019-07-10,1183.53
2019-07-11,1183.53
2019-07-12,1183.52
2019-07-13,1183.5
2019-07-14,1183.48
2019-07-15,1183.48
2019-07-16,1183.46
2019-07-17,1183.44
2019-07-18,1183.4
2019-07-19,1183.37
2019-07-20,1183.33
2019-07-21,1183.29
2019-07-22,1183.26
2019-07-23,1183.23
2019-07-24,1183.2
2019-07-25,1183.17
2019-07-26,1183.14
2019-07-27,1183.11
2019-07-28,1183.09
2019-07-29,1183.07
2019-07-30,1183.05
2019-07-31,1183.03
2019-08-01,1183.0
2019-08-02,1182.98
2019-08-03,1182.95
2019-08-04,1182.92
2019-08-05,1182.9
2019-08-06,1182.88
2019-08-07,1182.86
2019-08-08,1182.83
2019-08-09,1182.8
2019-08-10,1182.77
2019-08-11,1182.74
2019-08-12,1182.71
2019-08-13,1182.67
2019-08-14,1182.64
2019-08-15,1182.63
2019-08-16,1182.6
2019-08-17,1182.56
2019-08-18,1182.53
2019-08-19,1182.49
2019-08-20,1182.46
2019-08-21,1182.43
2019-08-22,1182.4
2019-08-23,1182.37
2019-08-24,1182.35
2019-08-25,1182.33
2019-08-26,1182.3
2019-08-27,1182.29
2019-08-28,1182.3
2019-08-29,1182.29
2019-08-30,1182.26
2019-08-31,1182.24
2019-09-01,1182.22
2019-09-02,1182.2
2019-09-03,1182.17
2019-09-04,1182.15
2019-09-05,1182.13
2019-09-06,1182.11
2019-09-07,1182.08
2019-09-08,1182.05
2019-09-09,1182.02
2019-09-10,1181.98
2019-09-11,1181.96
2019-09-12,1181.93
2019-09-13,1181.92
2019-09-14,1181.94
2019-09-15,1181.92
2019-09-16,1181.9
2019-09-17,1181.88
2019-09-18,1181.86
2019-09-19,1181.84
2019-09-20,1181.82
2019-09-21,1181.8
2019-09-22,1181.77
2019-09-23,1181.75
2019-09-24,1181.74
2019-09-25,1181.72
2019-09-26,1181.7
2019-09-27,1181.68
2019-09-28,1181.65
2019-09-29,1181.63
2019-09-30,1181.6
2019-10-01,1181.58
2019-10-02,1181.55
2019-10-03,1181.52
2019-10-04,1181.5
2019-10-05,1181.49
2019-10-06,1181.46
2019-10-07,1181.41
2019-10-08,1181.39
2019-10-09,1181.37
2019-10-10,1181.34
2019-10-11,1181.26
2019-10-12,1181.25
2019-10-13,1181.23
2019-10-14,1181.21
2019-10-15,1181.2
2019-10-16,1181.17
2019-10-17,1181.16
2019-10-18,1181.14
2019-10-19,1181.13
2019-10-20,1181.12
2019-10-21,1181.09
2019-10-22,1181.07
2019-10-23,1181.06
2019-10-24,1181.05
2019-10-25,1181.03
2019-10-26,1181.02
2019-10-27,1181.0
2019-10-28,1180.98
2019-10-29,1180.96
2019-10-30,1180.94
2019-10-31,1180.92
2019-11-01,1180.91
2019-11-02,1180.88
2019-11-03,1180.88
2019-11-04,1180.87
2019-11-05,1180.86
2019-11-06,1180.85
2019-11-07,1181.0
2019-11-08,1181.03
2019-11-09,1181.02
2019-11-10,1181.02
2019-11-11,1180.98
2019-11-12,1180.96
2019-11-13,1180.96
2019-11-14,1180.93
2019-11-15,1180.93
2019-11-16,1180.93
2019-11-17,1180.91
2019-11-18,1180.91
2019-11-19,1180.91
2019-11-20,1180.9
2019-11-21,1180.9
2019-11-22,1180.91
2019-11-23,1180.9
2019-11-24,1180.9
2019-11-25,1180.89
2019-11-26,1180.88
2019-11-27,1180.86
2019-11-28,1180.87
2019-11-29,1180.87
2019-11-30,1180.87
2019-12-01,1180.86
2019-12-02,1180.84
2019-12-03,1180.84
2019-12-04,1180.83
2019-12-05,1180.82
2019-12-06,1180.8
2019-12-07,1180.8
2019-12-08,1180.8
2019-12-09,1180.78
2019-12-10,1180.8
2019-12-11,1180.79
2019-12-12,1180.78
2019-12-13,1180.77
2019-12-14,1180.76
2019-12-15,1180.75
2019-12-16,1180.74
2019-12-17,1180.73
2019-12-18,1180.72
2019-12-19,1180.71
2019-12-20,1180.7
2019-12-21,1180.68
2019-12-22,1180.68
2019-12-23,1180.67
2019-12-24,1180.67
2019-12-25,1180.66
2019-12-26,1180.65
2019-12-27,1180.65
2019-12-28,1180.68
2019-12-29,1180.69
2019-12-30,1180.67
2019-12-31,1180.66
2020-01-01,1180.66
2020-01-02,1180.65
2020-01-03,1180.63
2020-01-04,1180.62
2020-01-05,1180.61
2020-01-06,1180.6
2020-01-07,1180.59
2020-01-08,1180.59
2020-01-09,1180.58
2020-01-10,1180.57
2020-01-11,1180.58
2020-01-12,1180.58
2020-01-13,1180.58
2020-01-14,1180.57
2020-01-15,1180.56
2020-01-16,1180.57
2020-01-17,1180.7
2020-01-18,1180.71
2020-01-19,1180.71
2020-01-20,1180.7
2020-01-21,1180.7
2020-01-22,1180.71
2020-01-23,1180.69
2020-01-24,1180.69
2020-01-25,1180.69
2020-01-26,1180.67
2020-01-27,1180.67
2020-01-28,1180.67
2020-01-29,1180.64
2020-01-30,1180.63
2020-01-31,1180.62
2020-02-01,1180.62
2020-02-02,1180.61
2020-02-03,1180.6
2020-02-04,1180.58
2020-02-05,1180.65
2020-02-06,1180.67
2020-02-07,1180.65
2020-02-08,1180.65
2020-02-09,1180.65
2020-02-10,1180.66
2020-02-11,1180.68
2020-02-12,1180.73
2020-02-13,1180.72
2020-02-14,1180.72
2020-02-15,1180.72
2020-02-16,1180.71
2020-02-17,1180.71
2020-02-18,1180.69
2020-02-19,1180.68
2020-02-20,1180.7
2020-02-21,1180.7
2020-02-22,1180.69
2020-02-23,1180.69
2020-02-24,1180.69
2020-02-25,1180.67
2020-02-26,1180.64
2020-02-27,1180.64
2020-02-28,1180.62
2020-02-29,1180.63
2020-03-01,1180.62
2020-03-02,1180.6
2020-03-03,1180.6
2020-03-04,1180.73
2020-03-05,1180.92
2020-03-06,1180.96
2020-03-07,1180.97
2020-03-08,1180.97
2020-03-09,1180.98
2020-03-10,1180.97
2020-03-11,1180.98
2020-03-12,1180.98
2020-03-13,1181.03
2020-03-14,1181.07
2020-03-15,1181.07
2020-03-16,1181.11
2020-03-17,1181.15
2020-03-18,1181.67
2020-03-19,1182.56
2020-03-20,1182.96
2020-03-21,1183.03
2020-03-22,1183.08
2020-03-23,1183.12
2020-03-24,1183.16
2020-03-25,1183.17
2020-03-26,1183.18
2020-03-27,1183.19
2020-03-28,1183.19
2020-03-29,1183.17
2020-03-30,1183.17
2020-03-31,1183.17
2020-04-01,1183.17
2020-04-02,1183.17
2020-04-03,1183.15
2020-04-04,1183.15
2020-04-05,1183.17
2020-04-06,1183.18
2020-04-07,1183.2
2020-04-08,1183.2
2020-04-09,1183.19
2020-04-10,1183.18
2020-04-11,1183.19
2020-04-12,1183.22
2020-04-13,1183.19
2020-04-14,1183.17
2020-04-15,1183.16
2020-04-16,1183.16
2020-04-17,1183.13
2020-04-18,1183.12
2020-04-19,1183.12
2020-04-20,1183.11
2020-04-21,1183.11
2020-04-22,1183.11
2020-04-23,1183.09
2020-04-24,1183.07
2020-04-25,1183.05
2020-04-26,1183.04
2020-04-27,1183.02
2020-04-28,1183.0
2020-04-29,1182.99
2020-04-30,1182.98
2020-05-01,1182.96
2020-05-02,1182.95
2020-05-03,1182.93
2020-05-04,1182.92
2020-05-05,1182.87
2020-05-06,1182.86
2020-05-07,1182.84
2020-05-08,1182.78
2020-05-09,1182.76
2020-05-10,1182.75
2020-05-11,1182.73
2020-05-12,1182.74
2020-05-13,1182.73
2020-05-14,1182.75
2020-05-15,1182.75
2020-05-16,1182.85
2020-05-17,1182.85
2020-05-18,1182.85
2020-05-19,1182.83
2020-05-20,1182.81
2020-05-21,1182.83
2020-05-22,1182.83
2020-05-23,1182.79
2020-05-24,1182.78
2020-05-25,1182.82
2020-05-26,1182.81
2020-05-27,1182.8
2020-05-28,1182.78
2020-05-29,1182.75
2020-05-30,1182.73
2020-05-31,1182.71
2020-06-01,1182.69
2020-06-02,1182.68
2020-06-03,1182.67
2020-06-04,1182.65
2020-06-05,1182.63
2020-06-06,1182.6
2020-06-07,1182.58
2020-06-08,1182.56
2020-06-09,1182.52
2020-06-10,1182.46
2020-06-11,1182.44
2020-06-12,1182.41
2020-06-13,1182.38
2020-06-14,1182.35
2020-06-15,1182.32
2020-06-16,1182.29
2020-06-17,1182.26
2020-06-18,1182.24
2020-06-19,1182.21
2020-06-20,1182.35
2020-06-21,1182.34
2020-06-22,1182.31
2020-06-23,1182.37
2020-06-24,1182.38
2020-06-25,1182.37
2020-06-26,1182.35
2020-06-27,1182.33
2020-06-28,1182.3
2020-06-29,1182.28
2020-06-30,1182.25
2020-07-01,1182.22
2020-07-02,1182.19
2020-07-03,1182.18
2020-07-04,1182.16
2020-07-05,1182.13
2020-07-06,1182.12
2020-07-07,1182.11
2020-07-08,1182.09
2020-07-09,1182.07
2020-07-10,1182.04
2020-07-11,1182.02
2020-07-12,1181.98
2020-07-13,1181.95
2020-07-14,1181.92
2020-07-15,1181.87
2020-07-16,1181.83
2020-07-17,1181.8
2020-07-18,1181.77
2020-07-19,1181.73
2020-07-20,1181.7
2020-07-21,1181.67
2020-07-22,1181.64
2020-07-23,1181.61
2020-07-24,1181.58
2020-07-25,1181.56
2020-07-26,1181.53
2020-07-27,1181.51
2020-07-28,1181.48
2020-07-29,1181.46
2020-07-30,1181.44
2020-07-31,1181.4
2020-08-01,1181.37
2020-08-02,1181.35
2020-08-03,1181.32
2020-08-04,1181.29
2020-08-05,1181.26
2020-08-06,1181.23
2020-08-07,1181.2
2020-08-08,1181.16
2020-08-09,1181.12
2020-08-10,1181.09
2020-08-11,1181.05
2020-08-12,1181.02
2020-08-13,1180.99
2020-08-14,1180.95
2020-08-15,1180.92
2020-08-16,1180.9
2020-08-17,1180.87
2020-08-18,1180.85
2020-08-19,1180.82
2020-08-20,1180.8
2020-08-21,1180.77
2020-08-22,1180.73
2020-08-23,1180.71
2020-08-24,1180.68
2020-08-25,1180.65
2020-08-26,1180.63
2020-08-27,1180.61
2020-08-28,1180.58
2020-08-29,1180.56
2020-08-30,1180.52
2020-08-31,1180.5
2020-09-01,1180.56
2020-09-02,1180.76
2020-09-03,1180.78
2020-09-04,1180.76
2020-09-05,1180.74
2020-09-06,1180.71
2020-09-07,1180.69
2020-09-08,1180.65
2020-09-09,1180.93
2020-09-10,1181.74
2020-09-11,1182.14
2020-09-12,1182.34
2020-09-13,1182.39
2020-09-14,1182.39
2020-09-15,1182.39
2020-09-16,1182.38
2020-09-17,1182.37
2020-09-18,1182.35
2020-09-19,1182.34
2020-09-20,1182.32
2020-09-21,1182.29
2020-09-22,1182.27
2020-09-23,1182.26
2020-09-24,1182.25
2020-09-25,1182.24
2020-09-26,1182.22
2020-09-27,1182.2
2020-09-28,1182.14
2020-09-29,1182.13
2020-09-30,1182.1
2020-10-01,1182.07
2020-10-02,1182.05
2020-10-03,1182.03
2020-10-04,1182.0
2020-10-05,1181.99
2020-10-06,1181.97
2020-10-07,1181.95
2020-10-08,1181.94
2020-10-09,1181.93
2020-10-10,1181.92
2020-10-11,1181.91
2020-10-12,1181.87
2020-10-13,1181.85
2020-10-14,1181.84
2020-10-15,1181.79
2020-10-16,1181.76
2020-10-17,1181.75
2020-10-18,1181.72
2020-10-19,1181.69
2020-10-20,1181.68
2020-10-21,1181.68
2020-10-22,1181.67
2020-10-23,1181.63
2020-10-24,1181.61
2020-10-25,1181.59
2020-10-26,1181.57
2020-10-27,1181.58
2020-10-28,1181.6
2020-10-29,1181.57
2020-10-30,1181.56
2020-10-31,1181.55
2020-11-01,1181.53
2020-11-02,1181.53
2020-11-03,1181.52
2020-11-04,1181.51
2020-11-05,1181.5
2020-11-06,1181.49
2020-11-07,1181.48
2020-11-08,1181.48
2020-11-09,1181.47
2020-11-10,1181.46
2020-11-11,1181.44
2020-11-12,1181.43
2020-11-13,1181.41
2020-11-14,1181.42
2020-11-15,1181.39
2020-11-16,1181.38
2020-11-17,1181.36
2020-11-18,1181.35
2020-11-19,1181.34
2020-11-20,1181.32
2020-11-21,1181.32
2020-11-22,1181.3
2020-11-23,1181.29
2020-11-24,1181.3
2020-11-25,1181.27
2020-11-26,1181.26
2020-11-27,1181.24
2020-11-28,1181.27
2020-11-29,1181.29
2020-11-30,1181.27
2020-12-01,1181.26
2020-12-02,1181.22
2020-12-03,1181.19
2020-12-04,1181.17
2020-12-05,1181.15
2020-12-06,1181.14
2020-12-07,1181.12
2020-12-08,1181.11
2020-12-09,1181.1
2020-12-10,1181.1
2020-12-11,1181.09
2020-12-12,1181.08
2020-12-13,1181.06
2020-12-14,1181.06
2020-12-15,1181.04
2020-12-16,1181.03
2020-12-17,1181.01
2020-12-18,1181.01
2020-12-19,1181.0
2020-12-20,1180.99
2020-12-21,1180.98
2020-12-22,1180.99
2020-12-23,1180.96
2020-12-24,1180.96
2020-12-25,1180.94
2020-12-26,1180.94
2020-12-27,1180.92
2020-12-28,1180.9
2020-12-29,1180.9
2020-12-30,1180.92
2020-12-31,1180.95
2021-01-01,1181.0
2021-01-02,1181.0
2021-01-03,1180.99
2021-01-04,1180.98
2021-01-05,1180.98
2021-01-06,1180.97
2021-01-07,1180.96
2021-01-08,1180.95
2021-01-09,1180.94
2021-01-10,1180.96
2021-01-11,1180.98
2021-01-12,1180.98
2021-01-13,1180.97
2021-01-14,1180.95
2021-01-15,1180.94
2021-01-16,1180.92
2021-01-17,1180.91
2021-01-18,1180.91
2021-01-19,1180.88
2021-01-20,1180.91
2021-01-21,1180.92
2021-01-22,1180.91
2021-01-23,1180.91
2021-01-24,1180.91
2021-01-25,1180.93
2021-01-26,1180.9
2021-01-27,1180.89
2021-01-28,1180.88
2021-01-29,1180.88
2021-01-30,1180.9
2021-01-31,1180.85
2021-02-01,1180.84
2021-02-02,1180.83
2021-02-03,1180.82
2021-02-04,1180.81
2021-02-05,1180.8
2021-02-06,1180.79
2021-02-07,1180.78
2021-02-08,1180.77
2021-02-09,1180.76
2021-02-10,1180.74
2021-02-11,1180.73
2021-02-12,1180.71
2021-02-13,1180.69
2021-02-14,1180.68
2021-02-15,1180.7
2021-02-16,1180.69
2021-02-17,1180.69
2021-02-18,1180.68
2021-02-19,1180.68
2021-02-20,1180.68
2021-02-21,1180.69
2021-02-22,1180.68
2021-02-23,1180.68
2021-02-24,1180.66
2021-02-25,1180.66
2021-02-26,1180.66
2021-02-27,1180.66
2021-02-28,1180.67
2021-03-01,1180.67
2021-03-02,1180.67
2021-03-03,1180.66
2021-03-04,1180.66
2021-03-05,1180.64
2021-03-06,1180.64
2021-03-07,1180.63
2021-03-08,1180.64
2021-03-09,1180.64
2021-03-10,1180.63
2021-03-11,1180.63
2021-03-12,1180.61
2021-03-13,1180.61
2021-03-14,1180.67
2021-03-15,1180.65
2021-03-16,1180.65
2021-03-17,1180.64
2021-03-18,1180.59
2021-03-19,1180.58
2021-03-20,1180.57
2021-03-21,1180.56
2021-03-22,1180.57
2021-03-23,1180.57
2021-03-24,1180.55
2021-03-25,1180.57
2021-03-26,1180.56
2021-03-27,1180.55
2021-03-28,1180.53
2021-03-29,1180.52
2021-03-30,1180.5
2021-03-31,1180.44
2021-04-01,1180.44
2021-04-02,1180.43
2021-04-03,1180.42
2021-04-04,1180.4
2021-04-05,1180.4
2021-04-06,1180.41
2021-04-07,1180.37
2021-04-08,1180.36
2021-04-09,1180.34
2021-04-10,1180.32
2021-04-11,1180.31
2021-04-12,1180.28
2021-04-13,1180.26
2021-04-14,1180.24
2021-04-15,1180.29
2021-04-16,1180.38
2021-04-17,1180.37
2021-04-18,1180.36
2021-04-19,1180.36
2021-04-20,1180.32
2021-04-21,1180.31
2021-04-22,1180.29
2021-04-23,1180.29
2021-04-24,1180.28
2021-04-25,1180.28
2021-04-26,1180.27
2021-04-27,1180.26
2021-04-28,1180.46
2021-04-29,1180.82
2021-04-30,1181.0
2021-05-01,1181.1
2021-05-02,1181.17
2021-05-03,1181.18
2021-05-04,1181.17
2021-05-05,1181.16
2021-05-06,1181.15
2021-05-07,1181.14
2021-05-08,1181.14
2021-05-09,1181.11
2021-05-10,1181.08
2021-05-11,1181.08
2021-05-12,1181.08
2021-05-13,1181.08
2021-05-14,1181.07
2021-05-15,1181.06
2021-05-16,1181.06
2021-05-17,1181.1
2021-05-18,1181.45
2021-05-19,1181.9
2021-05-20,1182.05
2021-05-21,1182.08
2021-05-22,1182.09
2021-05-23,1182.11
2021-05-24,1182.11
2021-05-25,1182.2
2021-05-26,1182.51
2021-05-27,1182.61
2021-05-28,1182.67
2021-05-29,1182.72
2021-05-30,1182.73
2021-05-31,1183.03
2021-06-01,1184.97
2021-06-02,1185.08
2021-06-03,1184.03
2021-06-04,1183.53
2021-06-05,1183.48
2021-06-06,1183.53
2021-06-07,1183.8
2021-06-08,1184.43
2021-06-09,1184.33
2021-06-10,1183.84
2021-06-11,1183.56
2021-06-12,1183.47
2021-06-13,1183.48
2021-06-14,1183.48
2021-06-15,1183.49
2021-06-16,1183.48
2021-06-17,1183.47
2021-06-18,1183.45
2021-06-19,1183.43
2021-06-20,1183.42
2021-06-21,1183.39
2021-06-22,1183.37
2021-06-23,1183.35
2021-06-24,1183.33
2021-06-25,1183.31
2021-06-26,1183.28
2021-06-27,1183.27
2021-06-28,1183.27
2021-06-29,1183.3
2021-06-30,1183.29
2021-07-01,1183.29
2021-07-02,1183.26
2021-07-03,1183.37
2021-07-04,1183.43
2021-07-05,1183.42
2021-07-06,1183.42
2021-07-07,1183.43
2021-07-08,1183.42
2021-07-09,1183.4
2021-07-10,1183.39
2021-07-11,1183.45
2021-07-12,1183.45
2021-07-13,1183.43
2021-07-14,1183.4
2021-07-15,1183.38
2021-07-16,1183.35
2021-07-17,1183.33
2021-07-18,1183.31
2021-07-19,1183.28
2021-07-20,1183.26
2021-07-21,1183.24
2021-07-22,1183.22
2021-07-23,1183.19
2021-07-24,1183.16
2021-07-25,1183.14
2021-07-26,1183.11
2021-07-27,1183.09
2021-07-28,1183.06
2021-07-29,1183.04
2021-07-30,1183.01
2021-07-31,1182.99
2021-08-01,1182.95
2021-08-02,1182.92
2021-08-03,1182.89
2021-08-04,1182.87
2021-08-05,1182.84
2021-08-06,1182.82
2021-08-07,1182.79
2021-08-08,1182.76
2021-08-09,1182.72
2021-08-10,1182.69
2021-08-11,1182.64
2021-08-12,1182.6
2021-08-13,1182.57
2021-08-14,1182.55
2021-08-15,1182.57
2021-08-16,1182.57
2021-08-17,1182.56
2021-08-18,1182.65
2021-08-19,1183.02
2021-08-20,1183.23
2021-08-21,1183.22
2021-08-22,1183.21
2021-08-23,1183.19
2021-08-24,1183.16
2021-08-25,1183.14
2021-08-26,1183.12
2021-08-27,1183.1
2021-08-28,1183.07
2021-08-29,1183.04
2021-08-30,1183.03
2021-08-31,1183.0
2021-09-01,1182.98
2021-09-02,1182.95
2021-09-03,1182.92
2021-09-04,1182.89
2021-09-05,1182.87
2021-09-06,1182.85
2021-09-07,1182.83
2021-09-08,1182.8
2021-09-09,1182.77
2021-09-10,1182.73
2021-09-11,1182.7
2021-09-12,1182.67
2021-09-13,1182.64
2021-09-14,1182.61
2021-09-15,1182.59
2021-09-16,1182.57
2021-09-17,1182.54
2021-09-18,1182.52
2021-09-19,1182.5
2021-09-20,1182.48
2021-09-21,1182.42
2021-09-22,1182.38
2021-09-23,1182.36
2021-09-24,1182.33
2021-09-25,1182.31
2021-09-26,1182.28
2021-09-27,1182.25
2021-09-28,1182.23
2021-09-29,1182.23
2021-09-30,1182.22
2021-10-01,1182.25
2021-10-02,1182.24
2021-10-03,1182.22
2021-10-04,1182.21
2021-10-05,1182.19
2021-10-06,1182.17
2021-10-07,1182.15
2021-10-08,1182.13
2021-10-09,1182.1
2021-10-10,1182.08
2021-10-11,1182.06
2021-10-12,1182.04
2021-10-13,1182.04
2021-10-14,1182.06
2021-10-15,1182.04
2021-10-16,1182.01
2021-10-17,1181.99
2021-10-18,1181.97
2021-10-19,1181.95
2021-10-20,1181.93
2021-10-21,1181.91
2021-10-22,1181.9
2021-10-23,1181.9
2021-10-24,1181.88
2021-10-25,1181.86
2021-10-26,1181.86
2021-10-27,1181.87
2021-10-28,1181.82
2021-10-29,1181.76
2021-10-30,1181.74
2021-10-31,1181.72
2021-11-01,1181.71
2021-11-02,1181.69
2021-11-03,1181.69
2021-11-04,1181.69
2021-11-05,1181.69
2021-11-06,1181.67
2021-11-07,1181.66
2021-11-08,1181.65
2021-11-09,1181.64
2021-11-10,1181.64
2021-11-11,1181.61
2021-11-12,1181.59
2021-11-13,1181.58
2021-11-14,1181.56
2021-11-15,1181.55
