Date,Elev (NGVD29),Elev (NAVD88)
10/1/2013,1423.51,1427.11
10/2/2013,1423.44,1427.04
10/3/2013,1423.34,1426.94
10/4/2013,1423.25,1426.85
10/5/2013,1423.19,1426.79
10/6/2013,1423.17,1426.77
10/7/2013,1423.16,1426.76
10/8/2013,1423.28,1426.88
10/9/2013,1423.3,1426.9
10/10/2013,1423.22,1426.82
10/11/2013,1423.17,1426.77
10/12/2013,1423.13,1426.73
10/13/2013,1423.04,1426.64
10/14/2013,1422.96,1426.56
10/15/2013,1422.9,1426.5
10/16/2013,1422.79,1426.39
10/17/2013,1422.74,1426.34
10/18/2013,1422.69,1426.29
10/19/2013,1422.46,1426.06
10/20/2013,1422.4,1426
10/21/2013,1422.31,1425.91
10/22/2013,1422.24,1425.84
10/23/2013,1422.17,1425.77
10/24/2013,1422.06,1425.66
10/25/2013,1422,1425.6
10/26/2013,1421.94,1425.54
10/27/2013,1421.87,1425.47
10/28/2013,1421.81,1425.41
10/29/2013,1421.76,1425.36
10/30/2013,1421.73,1425.33
10/31/2013,1421.71,1425.31
11/1/2013,1421.91,1425.51
11/2/2013,1422.4,1426
11/3/2013,1422.6,1426.2
11/4/2013,1422.72,1426.32
11/5/2013,1422.8,1426.4
11/6/2013,1422.92,1426.52
11/7/2013,1422.98,1426.58
11/8/2013,1423.13,1426.73
11/9/2013,1423.25,1426.85
11/10/2013,1423.34,1426.94
11/11/2013,1423.45,1427.05
11/12/2013,1423.52,1427.12
11/13/2013,1423.6,1427.2
11/14/2013,1423.57,1427.17
11/15/2013,1423.63,1427.23
11/16/2013,1423.69,1427.29
11/17/2013,1423.76,1427.36
11/18/2013,1423.93,1427.53
11/19/2013,1424.23,1427.83
11/20/2013,1424.38,1427.98
11/21/2013,1424.48,1428.08
11/22/2013,1424.64,1428.24
11/23/2013,1424.35,1427.95
11/24/2013,1424.05,1427.65
11/25/2013,1424.07,1427.67
11/26/2013,1424.09,1427.69
11/27/2013,1424.62,1428.22
11/28/2013,1426.52,1430.12
11/29/2013,1427.26,1430.86
11/30/2013,1427.64,1431.24
12/1/2013,1427.96,1431.56
12/2/2013,1428.21,1431.81
12/3/2013,1428.48,1432.08
12/4/2013,1428.63,1432.23
12/5/2013,1428.82,1432.42
12/6/2013,1429.15,1432.75
12/7/2013,1429.59,1433.19
12/8/2013,1429.89,1433.49
12/9/2013,1430.17,1433.77
12/10/2013,1430.34,1433.94
12/11/2013,1430.45,1434.05
12/12/2013,1430.54,1434.14
12/13/2013,1430.45,1434.05
12/14/2013,1430.33,1433.93
12/15/2013,1430.54,1434.14
12/16/2013,1430.64,1434.24
12/17/2013,1430.69,1434.29
12/18/2013,1430.52,1434.12
12/19/2013,1430.35,1433.95
12/20/2013,1430.13,1433.73
12/21/2013,1430.02,1433.62
12/22/2013,1430.55,1434.15
12/23/2013,1432,1435.6
12/24/2013,1433.4,1437
12/25/2013,1433.86,1437.46
12/26/2013,1434.26,1437.86
12/27/2013,1434.27,1437.87
12/28/2013,1434.29,1437.89
12/29/2013,1434.58,1438.18
12/30/2013,1435.31,1438.91
12/31/2013,1435.64,1439.24
1/1/2014,1435.56,1439.16
1/2/2014,1435.73,1439.33
1/3/2014,1435.53,1439.13
1/4/2014,1435.27,1438.87
1/5/2014,1435.39,1438.99
1/6/2014,1435.73,1439.33
1/7/2014,1437.16,1440.76
1/8/2014,1436.85,1440.45
1/9/2014,1436.47,1440.07
1/10/2014,1435.87,1439.47
1/11/2014,1435.89,1439.49
1/12/2014,1439.04,1442.64
1/13/2014,1439.98,1443.58
1/14/2014,1439.99,1443.59
1/15/2014,1440.05,1443.65
1/16/2014,1439.9,1443.5
1/17/2014,1439.42,1443.02
1/18/2014,1438.75,1442.35
1/19/2014,1438.06,1441.66
1/20/2014,1437.3,1440.9
1/21/2014,1436.54,1440.14
1/22/2014,1435.66,1439.26
1/23/2014,1434.7,1438.3
1/24/2014,1433.74,1437.34
1/25/2014,1433.17,1436.77
1/26/2014,1433.16,1436.76
1/27/2014,1432.93,1436.53
1/28/2014,1432.49,1436.09
1/29/2014,1432.06,1435.66
1/30/2014,1431.8,1435.4
1/31/2014,1431.49,1435.09
2/1/2014,1431.15,1434.75
2/2/2014,1431.24,1434.84
2/3/2014,1431.32,1434.92
2/4/2014,1431.01,1434.61
2/5/2014,1430.74,1434.34
2/6/2014,1430.75,1434.35
2/7/2014,1430.76,1434.36
2/8/2014,1430.07,1433.67
2/9/2014,1430.08,1433.68
2/10/2014,1430.14,1433.74
2/11/2014,1429.38,1432.98
2/12/2014,1428.62,1432.22
2/13/2014,1427.7,1431.3
2/14/2014,1427.07,1430.67
2/15/2014,1427.08,1430.68
2/16/2014,1426.84,1430.44
2/17/2014,1426.42,1430.02
2/18/2014,1426.1,1429.7
2/19/2014,1426.12,1429.72
2/20/2014,1426.14,1429.74
2/21/2014,1426.16,1429.76
2/22/2014,1426.27,1429.87
2/23/2014,1426.43,1430.03
2/24/2014,1426.49,1430.09
2/25/2014,1425.59,1429.19
2/26/2014,1424.68,1428.28
2/27/2014,1423.72,1427.32
2/28/2014,1422.86,1426.46
3/1/2014,1422.44,1426.04
3/2/2014,1422.43,1426.03
3/3/2014,1422.35,1425.95
3/4/2014,1421.76,1425.36
3/5/2014,1421.17,1424.77
3/6/2014,1420.55,1424.15
3/7/2014,1419.93,1423.53
3/8/2014,1419.34,1422.94
3/9/2014,1419.33,1422.93
3/10/2014,1419.3,1422.9
3/11/2014,1418.82,1422.42
3/12/2014,1418.46,1422.06
3/13/2014,1418.05,1421.65
3/14/2014,1417.47,1421.07
3/15/2014,1417.07,1420.67
3/16/2014,1417.13,1420.73
3/17/2014,1417.18,1420.78
3/18/2014,1417.22,1420.82
3/19/2014,1417.18,1420.78
3/20/2014,1417.3,1420.9
3/21/2014,1417.45,1421.05
3/22/2014,1417.56,1421.16
3/23/2014,1417.69,1421.29
3/24/2014,1417.8,1421.4
3/25/2014,1417.86,1421.46
3/26/2014,1417.94,1421.54
3/27/2014,1417.98,1421.58
3/28/2014,1418.04,1421.64
3/29/2014,1418.22,1421.82
3/30/2014,1419.12,1422.72
3/31/2014,1421,1424.6
4/1/2014,1422.01,1425.61
4/2/2014,1422.89,1426.49
4/3/2014,1423.75,1427.35
4/4/2014,1424.71,1428.31
4/5/2014,1425.54,1429.14
4/6/2014,1426.23,1429.83
4/7/2014,1426.72,1430.32
4/8/2014,1427.47,1431.07
4/9/2014,1428.72,1432.32
4/10/2014,1429.56,1433.16
4/11/2014,1430.28,1433.88
4/12/2014,1431.24,1434.84
4/13/2014,1432.04,1435.64
4/14/2014,1432.86,1436.46
4/15/2014,1433.63,1437.23
4/16/2014,1435.69,1439.29
4/17/2014,1436.14,1439.74
4/18/2014,1436.02,1439.62
4/19/2014,1435.92,1439.52
4/20/2014,1435.74,1439.34
4/21/2014,1435.51,1439.11
4/22/2014,1435.22,1438.82
4/23/2014,1435.5,1439.1
4/24/2014,1435.75,1439.35
4/25/2014,1435.95,1439.55
4/26/2014,1436.18,1439.78
4/27/2014,1436.43,1440.03
4/28/2014,1436.61,1440.21
4/29/2014,1436.78,1440.38
4/30/2014,1436.97,1440.57
5/1/2014,1437.94,1441.54
5/2/2014,1438.66,1442.26
5/3/2014,1438.74,1442.34
5/4/2014,1438.76,1442.36
5/5/2014,1438.71,1442.31
5/6/2014,1438.67,1442.27
5/7/2014,1438.6,1442.2
5/8/2014,1438.76,1442.36
5/9/2014,1438.7,1442.3
5/10/2014,1438.65,1442.25
5/11/2014,1438.87,1442.47
5/12/2014,1439.09,1442.69
5/13/2014,1438.91,1442.51
5/14/2014,1438.78,1442.38
5/15/2014,1438.48,1442.08
5/16/2014,1438.33,1441.93
5/17/2014,1440.63,1444.23
5/18/2014,1440.61,1444.21
5/19/2014,1440.2,1443.8
5/20/2014,1440.07,1443.67
5/21/2014,1440.16,1443.76
5/22/2014,1440.31,1443.91
5/23/2014,1440.39,1443.99
5/24/2014,1440.34,1443.94
5/25/2014,1440.33,1443.93
5/26/2014,1440.26,1443.86
5/27/2014,1440.21,1443.81
5/28/2014,1440.15,1443.75
5/29/2014,1440.05,1443.65
5/30/2014,1439.9,1443.5
5/31/2014,1439.82,1443.42
6/1/2014,1439.77,1443.37
6/2/2014,1439.78,1443.38
6/3/2014,1439.79,1443.39
6/4/2014,1439.54,1443.14
6/5/2014,1439.63,1443.23
6/6/2014,1439.34,1442.94
6/7/2014,1439.35,1442.95
6/8/2014,1439.36,1442.96
6/9/2014,1439.43,1443.03
6/10/2014,1439.46,1443.06
6/11/2014,1439.23,1442.83
6/12/2014,1439.28,1442.88
6/13/2014,1438.71,1442.31
6/14/2014,1439.86,1443.46
6/15/2014,1439.72,1443.32
6/16/2014,1439.35,1442.95
6/17/2014,1439,1442.6
6/18/2014,1438.74,1442.34
6/19/2014,1438.65,1442.25
6/20/2014,1438.63,1442.23
6/21/2014,1438.68,1442.28
6/22/2014,1438.75,1442.35
6/23/2014,1438.79,1442.39
6/24/2014,1438.61,1442.21
6/25/2014,1438.18,1441.78
6/26/2014,1438.66,1442.26
6/27/2014,1438.78,1442.38
6/28/2014,1438.99,1442.59
6/29/2014,1439.09,1442.69
6/30/2014,1439.17,1442.77
7/1/2014,1439.26,1442.86
7/2/2014,1439.09,1442.69
7/3/2014,1439.27,1442.87
7/4/2014,1439.22,1442.82
7/5/2014,1439.29,1442.89
7/6/2014,1439.13,1442.73
7/7/2014,1438.93,1442.53
7/8/2014,1438.58,1442.18
7/9/2014,1438.28,1441.88
7/10/2014,1438.21,1441.81
7/11/2014,1438.28,1441.88
7/12/2014,1438.3,1441.9
7/13/2014,1438.29,1441.89
7/14/2014,1439.84,1443.44
7/15/2014,1440.11,1443.71
7/16/2014,1440.78,1444.38
7/17/2014,1440.38,1443.98
7/18/2014,1440.26,1443.86
7/19/2014,1440.24,1443.84
7/20/2014,1440.2,1443.8
7/21/2014,1440.15,1443.75
7/22/2014,1440.12,1443.72
7/23/2014,1439.84,1443.44
7/24/2014,1439.61,1443.21
7/25/2014,1439.58,1443.18
7/26/2014,1439.53,1443.13
7/27/2014,1439.47,1443.07
7/28/2014,1439.47,1443.07
7/29/2014,1439.41,1443.01
7/30/2014,1439.29,1442.89
7/31/2014,1439.2,1442.8
8/1/2014,1439.1,1442.7
8/2/2014,1439.05,1442.65
8/3/2014,1438.94,1442.54
8/4/2014,1438.79,1442.39
8/5/2014,1438.66,1442.26
8/6/2014,1438.29,1441.89
8/7/2014,1438.12,1441.72
8/8/2014,1437.96,1441.56
8/9/2014,1437.78,1441.38
8/10/2014,1437.63,1441.23
8/11/2014,1437.46,1441.06
8/12/2014,1436.98,1440.58
8/13/2014,1436.9,1440.5
8/14/2014,1436.78,1440.38
8/15/2014,1436.64,1440.24
8/16/2014,1436.5,1440.1
8/17/2014,1436.35,1439.95
8/18/2014,1436.22,1439.82
8/19/2014,1435.78,1439.38
8/20/2014,1435.29,1438.89
8/21/2014,1434.81,1438.41
8/22/2014,1434.74,1438.34
8/23/2014,1434.6,1438.2
8/24/2014,1434.46,1438.06
8/25/2014,1434.3,1437.9
8/26/2014,1433.88,1437.48
8/27/2014,1433.41,1437.01
8/28/2014,1432.92,1436.52
8/29/2014,1432.21,1435.81
8/30/2014,1431.43,1435.03
8/31/2014,1430.67,1434.27
9/1/2014,1429.93,1433.53
9/2/2014,1429.18,1432.78
9/3/2014,1428.48,1432.08
9/4/2014,1427.75,1431.35
9/5/2014,1427.25,1430.85
9/6/2014,1426.82,1430.42
9/7/2014,1426.75,1430.35
9/8/2014,1426.65,1430.25
9/9/2014,1426.22,1429.82
9/10/2014,1425.79,1429.39
9/11/2014,1425.43,1429.03
9/12/2014,1425.31,1428.91
9/13/2014,1425.23,1428.83
9/14/2014,1425.18,1428.78
9/15/2014,1425.08,1428.68
9/16/2014,1424.97,1428.57
9/17/2014,1424.86,1428.46
9/18/2014,1424.75,1428.35
9/19/2014,1424.63,1428.23
9/20/2014,1424.51,1428.11
9/21/2014,1424.42,1428.02
9/22/2014,1424.28,1427.88
9/23/2014,1424.16,1427.76
9/24/2014,1424.04,1427.64
9/25/2014,1423.93,1427.53
9/26/2014,1423.78,1427.38
9/27/2014,1423.67,1427.27
9/28/2014,1423.54,1427.14
9/29/2014,1423.42,1427.02
9/30/2014,1423.28,1426.88
10/1/2014,1423.16,1426.76
10/2/2014,1423.08,1426.68
10/3/2014,1423.01,1426.61
10/4/2014,1422.96,1426.56
10/5/2014,1423,1426.6
10/6/2014,1422.96,1426.56
10/7/2014,1422.9,1426.5
10/8/2014,1422.84,1426.44
10/9/2014,1422.81,1426.41
10/10/2014,1422.77,1426.37
10/11/2014,1422.72,1426.32
10/12/2014,1422.66,1426.26
10/13/2014,1422.57,1426.17
10/14/2014,1422.51,1426.11
10/15/2014,1422.45,1426.05
10/16/2014,1422.56,1426.16
10/17/2014,1422.93,1426.53
10/18/2014,1422.99,1426.59
10/19/2014,1423,1426.6
10/20/2014,1422.97,1426.57
10/21/2014,1422.94,1426.54
10/22/2014,1422.96,1426.56
10/23/2014,1422.6,1426.2
10/24/2014,1422.39,1425.99
10/25/2014,1421.93,1425.53
10/26/2014,1421.4,1425
10/27/2014,1420.79,1424.39
10/28/2014,1420.18,1423.78
10/29/2014,1419.55,1423.15
10/30/2014,1418.9,1422.5
10/31/2014,1418.24,1421.84
11/1/2014,1417.55,1421.15
11/2/2014,1416.82,1420.42
11/3/2014,1416.13,1419.73
11/4/2014,1415.44,1419.04
11/5/2014,1414.67,1418.27
11/6/2014,1414,1417.6
11/7/2014,1413.5,1417.1
11/8/2014,1413.04,1416.64
11/9/2014,1412.57,1416.17
11/10/2014,1412.09,1415.69
11/11/2014,1411.58,1415.18
11/12/2014,1411.57,1415.17
11/13/2014,1411.52,1415.12
11/14/2014,1411.52,1415.12
11/15/2014,1411.5,1415.1
11/16/2014,1411.48,1415.08
11/17/2014,1411.48,1415.08
11/18/2014,1411.76,1415.36
11/19/2014,1411.93,1415.53
11/20/2014,1412,1415.6
11/21/2014,1412.04,1415.64
11/22/2014,1412.05,1415.65
11/23/2014,1412.09,1415.69
11/24/2014,1412.18,1415.78
11/25/2014,1412.95,1416.55
11/26/2014,1413.28,1416.88
11/27/2014,1413.52,1417.12
11/28/2014,1413.75,1417.35
11/29/2014,1413.9,1417.5
11/30/2014,1414.04,1417.64
12/1/2014,1414.2,1417.8
12/2/2014,1414.43,1418.03
12/3/2014,1414.56,1418.16
12/4/2014,1414.84,1418.44
12/5/2014,1415.13,1418.73
12/6/2014,1415.38,1418.98
12/7/2014,1416.14,1419.74
12/8/2014,1416.6,1420.2
12/9/2014,1416.93,1420.53
12/10/2014,1417.54,1421.14
12/11/2014,1417.8,1421.4
12/12/2014,1418.1,1421.7
12/13/2014,1418.34,1421.94
12/14/2014,1418.55,1422.15
12/15/2014,1418.73,1422.33
12/16/2014,1418.93,1422.53
12/17/2014,1419.17,1422.77
12/18/2014,1419.37,1422.97
12/19/2014,1419.57,1423.17
12/20/2014,1419.73,1423.33
12/21/2014,1419.9,1423.5
12/22/2014,1420.1,1423.7
12/23/2014,1420.28,1423.88
12/24/2014,1420.4,1424
12/25/2014,1422.08,1425.68
12/26/2014,1423.63,1427.23
12/27/2014,1424.33,1427.93
12/28/2014,1424.85,1428.45
12/29/2014,1425.33,1428.93
12/30/2014,1425.72,1429.32
12/31/2014,1426.02,1429.62
1/1/2015,1426.05,1429.65
1/2/2015,1426.28,1429.88
1/3/2015,1426.51,1430.11
1/4/2015,1426.86,1430.46
1/5/2015,1427.63,1431.23
1/6/2015,1427.97,1431.57
1/7/2015,1427.81,1431.41
1/8/2015,1427.6,1431.2
1/9/2015,1427.36,1430.96
1/10/2015,1427.14,1430.74
1/11/2015,1427.31,1430.91
1/12/2015,1427.54,1431.14
1/13/2015,1427.49,1431.09
1/14/2015,1427.34,1430.94
1/15/2015,1427.14,1430.74
1/16/2015,1426.98,1430.58
1/17/2015,1426.75,1430.35
1/18/2015,1426.87,1430.47
1/19/2015,1427.13,1430.73
1/20/2015,1427.3,1430.9
1/21/2015,1427.09,1430.69
1/22/2015,1426.79,1430.39
1/23/2015,1426.58,1430.18
1/24/2015,1426.35,1429.95
1/25/2015,1426.47,1430.07
1/26/2015,1426.53,1430.13
1/27/2015,1426.02,1429.62
1/28/2015,1425.72,1429.32
1/29/2015,1425.32,1428.92
1/30/2015,1425.09,1428.69
1/31/2015,1424.86,1428.46
2/1/2015,1424.9,1428.5
2/2/2015,1425.01,1428.61
2/3/2015,1424.74,1428.34
2/4/2015,1424.46,1428.06
2/5/2015,1424.19,1427.79
2/6/2015,1423.93,1427.53
2/7/2015,1423.61,1427.21
2/8/2015,1423.67,1427.27
2/9/2015,1423.77,1427.37
2/10/2015,1423.49,1427.09
2/11/2015,1423.21,1426.81
2/12/2015,1422.65,1426.25
2/13/2015,1422.18,1425.78
2/14/2015,1421.69,1425.29
2/15/2015,1421.22,1424.82
2/16/2015,1420.7,1424.3
2/17/2015,1420.23,1423.83
2/18/2015,1419.8,1423.4
2/19/2015,1418.42,1422.02
2/20/2015,1418.84,1422.44
2/21/2015,1418.23,1421.83
2/22/2015,1418.26,1421.86
2/23/2015,1418.26,1421.86
2/24/2015,1417.72,1421.32
2/25/2015,1417.13,1420.73
2/26/2015,1416.58,1420.18
2/27/2015,1416.03,1419.63
2/28/2015,1415.49,1419.09
3/1/2015,1415,1418.6
3/2/2015,1415.01,1418.61
3/3/2015,1414.5,1418.1
3/4/2015,1414.05,1417.65
3/5/2015,1413.53,1417.13
3/6/2015,1413.03,1416.63
3/7/2015,1412.51,1416.11
3/8/2015,1411.99,1415.59
3/9/2015,1411.95,1415.55
3/10/2015,1411.43,1415.03
3/11/2015,1410.96,1414.56
3/12/2015,1410.62,1414.22
3/13/2015,1410.26,1413.86
3/14/2015,1410.35,1413.95
3/15/2015,1410.47,1414.07
3/16/2015,1410.56,1414.16
3/17/2015,1410.66,1414.26
3/18/2015,1410.8,1414.4
3/19/2015,1410.81,1414.41
3/20/2015,1410.94,1414.54
3/21/2015,1411.05,1414.65
3/22/2015,1411.13,1414.73
3/23/2015,1411.18,1414.78
3/24/2015,1411.23,1414.83
3/25/2015,1411.22,1414.82
3/26/2015,1411.28,1414.88
3/27/2015,1411.45,1415.05
3/28/2015,1411.6,1415.2
3/29/2015,1411.71,1415.31
3/30/2015,1411.83,1415.43
3/31/2015,1411.93,1415.53
4/1/2015,1411.96,1415.56
4/2/2015,1412.05,1415.65
4/3/2015,1412.3,1415.9
4/4/2015,1413.14,1416.74
4/5/2015,1414.27,1417.87
4/6/2015,1414.96,1418.56
4/7/2015,1415.75,1419.35
4/8/2015,1417.09,1420.69
4/9/2015,1418.49,1422.09
4/10/2015,1419.73,1423.33
4/11/2015,1422.18,1425.78
4/12/2015,1423.64,1427.24
4/13/2015,1424.95,1428.55
4/14/2015,1426.5,1430.1
4/15/2015,1428.17,1431.77
4/16/2015,1429.2,1432.8
4/17/2015,1430.04,1433.64
4/18/2015,1430.97,1434.57
4/19/2015,1431.71,1435.31
4/20/2015,1432.28,1435.88
4/21/2015,1433.09,1436.69
4/22/2015,1434.1,1437.7
4/23/2015,1434.77,1438.37
4/24/2015,1435.35,1438.95
4/25/2015,1435.76,1439.36
4/26/2015,1436.14,1439.74
4/27/2015,1436.47,1440.07
4/28/2015,1436.76,1440.36
4/29/2015,1437.01,1440.61
4/30/2015,1437.22,1440.82
5/1/2015,1437.43,1441.03
5/2/2015,1437.6,1441.2
5/3/2015,1437.75,1441.35
5/4/2015,1437.92,1441.52
5/5/2015,1438.06,1441.66
5/6/2015,1438.16,1441.76
5/7/2015,1438.28,1441.88
5/8/2015,1438.3,1441.9
5/9/2015,1438.51,1442.11
5/10/2015,1438.55,1442.15
5/11/2015,1438.58,1442.18
5/12/2015,1438.61,1442.21
5/13/2015,1438.66,1442.26
5/14/2015,1438.7,1442.3
5/15/2015,1438.73,1442.33
5/16/2015,1438.85,1442.45
5/17/2015,1438.98,1442.58
5/18/2015,1439.01,1442.61
5/19/2015,1439.06,1442.66
5/20/2015,1439.09,1442.69
5/21/2015,1439.13,1442.73
5/22/2015,1438.69,1442.29
5/23/2015,1438.58,1442.18
5/24/2015,1438.58,1442.18
5/25/2015,1438.57,1442.17
5/26/2015,1438.56,1442.16
5/27/2015,1438.02,1441.62
5/28/2015,1437.89,1441.49
5/29/2015,1437.5,1441.1
5/30/2015,1437,1440.6
5/31/2015,1437.05,1440.65
6/1/2015,1437.32,1440.92
6/2/2015,1437.76,1441.36
6/3/2015,1437.06,1440.66
6/4/2015,1437.25,1440.85
6/5/2015,1436.58,1440.18
6/6/2015,1436.63,1440.23
6/7/2015,1436.82,1440.42
6/8/2015,1436.99,1440.59
6/9/2015,1437.11,1440.71
6/10/2015,1437.07,1440.67
6/11/2015,1437.17,1440.77
6/12/2015,1436.93,1440.53
6/13/2015,1436.76,1440.36
6/14/2015,1437,1440.6
6/15/2015,1437.3,1440.9
6/16/2015,1437.83,1441.43
6/17/2015,1437.71,1441.31
6/18/2015,1437.54,1441.14
6/19/2015,1437.34,1440.94
6/20/2015,1437.25,1440.85
6/21/2015,1437.74,1441.34
6/22/2015,1439.27,1442.87
6/23/2015,1439.21,1442.81
6/24/2015,1439.3,1442.9
6/25/2015,1439.11,1442.71
6/26/2015,1439.28,1442.88
6/27/2015,1439.56,1443.16
6/28/2015,1440.05,1443.65
6/29/2015,1440.44,1444.04
6/30/2015,1440.31,1443.91
7/1/2015,1440.4,1444
7/2/2015,1440.39,1443.99
7/3/2015,1440.06,1443.66
7/4/2015,1439.76,1443.36
7/5/2015,1439.53,1443.13
7/6/2015,1439.21,1442.81
7/7/2015,1438.91,1442.51
7/8/2015,1439.04,1442.64
7/9/2015,1439.16,1442.76
7/10/2015,1439.18,1442.78
7/11/2015,1439.18,1442.78
7/12/2015,1439.29,1442.89
7/13/2015,1439.32,1442.92
7/14/2015,1439.15,1442.75
7/15/2015,1439.23,1442.83
7/16/2015,1439.27,1442.87
7/17/2015,1439.05,1442.65
7/18/2015,1438.83,1442.43
7/19/2015,1438.83,1442.43
7/20/2015,1438.83,1442.43
7/21/2015,1438.4,1442
7/22/2015,1438.07,1441.67
7/23/2015,1438.72,1442.32
7/24/2015,1437.35,1440.95
7/25/2015,1436.92,1440.52
7/26/2015,1436.8,1440.4
7/27/2015,1436.98,1440.58
7/28/2015,1436.92,1440.52
7/29/2015,1436.7,1440.3
7/30/2015,1436.26,1439.86
7/31/2015,1436.15,1439.75
8/1/2015,1435.87,1439.47
8/2/2015,1435.79,1439.39
8/3/2015,1435.71,1439.31
8/4/2015,1435.47,1439.07
8/5/2015,1435.18,1438.78
8/6/2015,1434.8,1438.4
8/7/2015,1434.43,1438.03
8/8/2015,1434.02,1437.62
8/9/2015,1433.93,1437.53
8/10/2015,1433.82,1437.42
8/11/2015,1433.58,1437.18
8/12/2015,1433.59,1437.19
8/13/2015,1433.59,1437.19
8/14/2015,1433.53,1437.13
8/15/2015,1433.15,1436.75
8/16/2015,1433.06,1436.66
8/17/2015,1432.97,1436.57
8/18/2015,1432.56,1436.16
8/19/2015,1432.15,1435.75
8/20/2015,1431.74,1435.34
8/21/2015,1431.58,1435.18
8/22/2015,1431.41,1435.01
8/23/2015,1431.36,1434.96
8/24/2015,1431.26,1434.86
8/25/2015,1430.9,1434.5
8/26/2015,1430.48,1434.08
8/27/2015,1430.37,1433.97
8/28/2015,1430.24,1433.84
8/29/2015,1429.8,1433.4
8/30/2015,1429.7,1433.3
8/31/2015,1429.58,1433.18
9/1/2015,1429.1,1432.7
9/2/2015,1428.74,1432.34
9/3/2015,1428.33,1431.93
9/4/2015,1427.93,1431.53
9/5/2015,1427.51,1431.11
9/6/2015,1427.42,1431.02
9/7/2015,1427.29,1430.89
9/8/2015,1426.9,1430.5
9/9/2015,1426.42,1430.02
9/10/2015,1426.06,1429.66
9/11/2015,1425.69,1429.29
9/12/2015,1425.61,1429.21
9/13/2015,1425.86,1429.46
9/14/2015,1426.11,1429.71
9/15/2015,1426.01,1429.61
9/16/2015,1425.62,1429.22
9/17/2015,1425.14,1428.74
9/18/2015,1424.72,1428.32
9/19/2015,1424.29,1427.89
9/20/2015,1424.19,1427.79
9/21/2015,1424.1,1427.7
9/22/2015,1423.98,1427.58
9/23/2015,1423.54,1427.14
9/24/2015,1423.1,1426.7
9/25/2015,1422.65,1426.25
9/26/2015,1422.21,1425.81
9/27/2015,1422.1,1425.7
9/28/2015,1421.99,1425.59
9/29/2015,1421.84,1425.44
9/30/2015,1421.75,1425.35
10/1/2015,1422.44,1426.04
10/2/2015,1422.67,1426.27
10/3/2015,1422.78,1426.38
10/4/2015,1422.84,1426.44
10/5/2015,1422.9,1426.5
10/6/2015,1422.92,1426.52
10/7/2015,1422.93,1426.53
10/8/2015,1422.88,1426.48
10/9/2015,1422.57,1426.17
10/10/2015,1422.26,1425.86
10/11/2015,1422.25,1425.85
10/12/2015,1422.22,1425.82
10/13/2015,1421.78,1425.38
10/14/2015,1421.34,1424.94
10/15/2015,1420.87,1424.47
10/16/2015,1420.77,1424.37
10/17/2015,1420.75,1424.35
10/18/2015,1420.71,1424.31
10/19/2015,1420.67,1424.27
10/20/2015,1420.63,1424.23
10/21/2015,1420.6,1424.2
10/22/2015,1420.56,1424.16
10/23/2015,1420.56,1424.16
10/24/2015,1420.54,1424.14
10/25/2015,1420.59,1424.19
10/26/2015,1420.64,1424.24
10/27/2015,1420.65,1424.25
10/28/2015,1420.67,1424.27
10/29/2015,1422.04,1425.64
10/30/2015,1423.49,1427.09
10/31/2015,1423.97,1427.57
11/1/2015,1424.3,1427.9
11/2/2015,1424.63,1428.23
11/3/2015,1424.72,1428.32
11/4/2015,1424.79,1428.39
11/5/2015,1424.95,1428.55
11/6/2015,1425.1,1428.7
11/7/2015,1425.15,1428.75
11/8/2015,1425.25,1428.85
11/9/2015,1425.33,1428.93
11/10/2015,1425.46,1429.06
11/11/2015,1425.89,1429.49
11/12/2015,1427.04,1430.64
11/13/2015,1427.81,1431.41
11/14/2015,1428.42,1432.02
11/15/2015,1428.77,1432.37
11/16/2015,1429.11,1432.71
11/17/2015,1429.45,1433.05
11/18/2015,1429.71,1433.31
11/19/2015,1429.93,1433.53
11/20/2015,1432.13,1435.73
11/21/2015,1433.41,1437.01
11/22/2015,1434.08,1437.68
11/23/2015,1434.54,1438.14
11/24/2015,1434.89,1438.49
11/25/2015,1435.12,1438.72
11/26/2015,1435.34,1438.94
11/27/2015,1435.55,1439.15
11/28/2015,1435.78,1439.38
11/29/2015,1435.97,1439.57
11/30/2015,1436.17,1439.77
12/1/2015,1436.38,1439.98
12/2/2015,1436.63,1440.23
12/3/2015,1436.57,1440.17
12/4/2015,1436.51,1440.11
12/5/2015,1436.33,1439.93
12/6/2015,1436.15,1439.75
12/7/2015,1435.95,1439.55
12/8/2015,1435.77,1439.37
12/9/2015,1435.52,1439.12
12/10/2015,1435.23,1438.83
12/11/2015,1434.97,1438.57
12/12/2015,1434.7,1438.3
12/13/2015,1434.42,1438.02
12/14/2015,1434.13,1437.73
12/15/2015,1434.02,1437.62
12/16/2015,1433.93,1437.53
12/17/2015,1433.72,1437.32
12/18/2015,1433.91,1437.51
12/19/2015,1433.92,1437.52
12/20/2015,1434.16,1437.76
12/21/2015,1434.42,1438.02
12/22/2015,1434.68,1438.28
12/23/2015,1435,1438.6
12/24/2015,1435.56,1439.16
12/25/2015,1436.11,1439.71
12/26/2015,1436.22,1439.82
12/27/2015,1436.13,1439.73
12/28/2015,1436.02,1439.62
12/29/2015,1435.9,1439.5
12/30/2015,1435.72,1439.32
12/31/2015,1435.63,1439.23
1/1/2016,1435.66,1439.26
1/2/2016,1435.56,1439.16
1/3/2016,1435.43,1439.03
1/4/2016,1435.21,1438.81
1/5/2016,1434.84,1438.44
1/6/2016,1434.33,1437.93
1/7/2016,1434.08,1437.68
1/8/2016,1433.77,1437.37
1/9/2016,1433.72,1437.32
1/10/2016,1433.93,1437.53
1/11/2016,1435.07,1438.67
1/12/2016,1435.52,1439.12
1/13/2016,1435.41,1439.01
1/14/2016,1434.93,1438.53
1/15/2016,1434.67,1438.27
1/16/2016,1434.51,1438.11
1/17/2016,1434.39,1437.99
1/18/2016,1434.15,1437.75
1/19/2016,1433.87,1437.47
1/20/2016,1433.78,1437.38
1/21/2016,1433.65,1437.25
1/22/2016,1433.23,1436.83
1/23/2016,1432.96,1436.56
1/24/2016,1432.98,1436.58
1/25/2016,1433,1436.6
1/26/2016,1433.03,1436.63
1/27/2016,1433.05,1436.65
1/28/2016,1433.06,1436.66
1/29/2016,1433.01,1436.61
1/30/2016,1433,1436.6
1/31/2016,1432.98,1436.58
2/1/2016,1432.96,1436.56
2/2/2016,1432.95,1436.55
2/3/2016,1432.92,1436.52
2/4/2016,1433.5,1437.1
2/5/2016,1433.82,1437.42
2/6/2016,1433.93,1437.53
2/7/2016,1434.04,1437.64
2/8/2016,1434.11,1437.71
2/9/2016,1434.15,1437.75
2/10/2016,1434.18,1437.78
2/11/2016,1434.21,1437.81
2/12/2016,1434.04,1437.64
2/13/2016,1433.8,1437.4
2/14/2016,1433.19,1436.79
2/15/2016,1432.68,1436.28
2/16/2016,1432.68,1436.28
2/17/2016,1434.23,1437.83
2/18/2016,1434.68,1438.28
2/19/2016,1434.42,1438.02
2/20/2016,1434.16,1437.76
2/21/2016,1434.37,1437.97
2/22/2016,1434.51,1438.11
2/23/2016,1434.64,1438.24
2/24/2016,1434.76,1438.36
2/25/2016,1437.3,1440.9
2/26/2016,1439.28,1442.88
2/27/2016,1439.55,1443.15
2/28/2016,1439.56,1443.16
2/29/2016,1439.46,1443.06
3/1/2016,1439.29,1442.89
3/2/2016,1439.07,1442.67
3/3/2016,1438.8,1442.4
3/4/2016,1438.52,1442.12
3/5/2016,1438.19,1441.79
3/6/2016,1437.93,1441.53
3/7/2016,1437.62,1441.22
3/8/2016,1437.31,1440.91
3/9/2016,1437.03,1440.63
3/10/2016,1436.72,1440.32
3/11/2016,1436.5,1440.1
3/12/2016,1436.28,1439.88
3/13/2016,1436.02,1439.62
3/14/2016,1435.72,1439.32
3/15/2016,1435.6,1439.2
3/16/2016,1435.27,1438.87
3/17/2016,1434.93,1438.53
3/18/2016,1434.64,1438.24
3/19/2016,1434.7,1438.3
3/20/2016,1434.72,1438.32
3/21/2016,1434.74,1438.34
3/22/2016,1434.76,1438.36
3/23/2016,1434.77,1438.37
3/24/2016,1434.74,1438.34
3/25/2016,1434.74,1438.34
3/26/2016,1434.74,1438.34
3/27/2016,1434.72,1438.32
3/28/2016,1434.72,1438.32
3/29/2016,1434.92,1438.52
3/30/2016,1434.99,1438.59
3/31/2016,1435.1,1438.7
4/1/2016,1435.2,1438.8
4/2/2016,1435.31,1438.91
4/3/2016,1435.48,1439.08
4/4/2016,1435.56,1439.16
4/5/2016,1435.68,1439.28
4/6/2016,1435.67,1439.27
4/7/2016,1435.75,1439.35
4/8/2016,1436.43,1440.03
4/9/2016,1436.65,1440.25
4/10/2016,1436.94,1440.54
4/11/2016,1437.18,1440.78
4/12/2016,1437.56,1441.16
4/13/2016,1438,1441.6
4/14/2016,1438.33,1441.93
4/15/2016,1437.76,1441.36
4/16/2016,1437.14,1440.74
4/17/2016,1437.3,1440.9
4/18/2016,1437.5,1441.1
4/19/2016,1437.68,1441.28
4/20/2016,1437.82,1441.42
4/21/2016,1437.93,1441.53
4/22/2016,1438.07,1441.67
4/23/2016,1438.14,1441.74
4/24/2016,1438.22,1441.82
4/25/2016,1438.32,1441.92
4/26/2016,1438.41,1442.01
4/27/2016,1438.55,1442.15
4/28/2016,1438.68,1442.28
4/29/2016,1438.78,1442.38
4/30/2016,1438.99,1442.59
5/1/2016,1439.14,1442.74
5/2/2016,1439.3,1442.9
5/3/2016,1439.44,1443.04
5/4/2016,1439.28,1442.88
5/5/2016,1439.25,1442.85
5/6/2016,1439.17,1442.77
5/7/2016,1439.56,1443.16
5/8/2016,1439.96,1443.56
5/9/2016,1440.14,1443.74
5/10/2016,1440.17,1443.77
5/11/2016,1440.2,1443.8
5/12/2016,1440.23,1443.83
5/13/2016,1440.25,1443.85
5/14/2016,1440.26,1443.86
5/15/2016,1440.22,1443.82
5/16/2016,1439.9,1443.5
5/17/2016,1439.57,1443.17
5/18/2016,1439.28,1442.88
5/19/2016,1439,1442.6
5/20/2016,1438.96,1442.56
5/21/2016,1438.97,1442.57
5/22/2016,1439.06,1442.66
5/23/2016,1439.15,1442.75
5/24/2016,1439.23,1442.83
5/25/2016,1439.29,1442.89
5/26/2016,1439.08,1442.68
5/27/2016,1438.84,1442.44
5/28/2016,1438.69,1442.29
5/29/2016,1438.68,1442.28
5/30/2016,1438.69,1442.29
5/31/2016,1438.69,1442.29
6/1/2016,1438.23,1441.83
6/2/2016,1438.16,1441.76
6/3/2016,1438.09,1441.69
6/4/2016,1438.07,1441.67
6/5/2016,1438.05,1441.65
6/6/2016,1438.41,1442.01
6/7/2016,1438.5,1442.1
6/8/2016,1438.5,1442.1
6/9/2016,1438.48,1442.08
6/10/2016,1438.34,1441.94
6/11/2016,1438.26,1441.86
6/12/2016,1438.22,1441.82
6/13/2016,1438.15,1441.75
6/14/2016,1438.08,1441.68
6/15/2016,1438.02,1441.62
6/16/2016,1437.94,1441.54
6/17/2016,1437.87,1441.47
6/18/2016,1437.77,1441.37
6/19/2016,1437.69,1441.29
6/20/2016,1437.59,1441.19
6/21/2016,1437.13,1440.73
6/22/2016,1436.8,1440.4
6/23/2016,1436.45,1440.05
6/24/2016,1436.36,1439.96
6/25/2016,1436.23,1439.83
6/26/2016,1436.11,1439.71
6/27/2016,1436,1439.6
6/28/2016,1435.71,1439.31
6/29/2016,1435.46,1439.06
6/30/2016,1435.1,1438.7
7/1/2016,1434.75,1438.35
7/2/2016,1434.46,1438.06
7/3/2016,1434.31,1437.91
7/4/2016,1434.2,1437.8
7/5/2016,1434.09,1437.69
7/6/2016,1433.75,1437.35
7/7/2016,1433.29,1436.89
7/8/2016,1432.78,1436.38
7/9/2016,1432.43,1436.03
7/10/2016,1432.8,1436.4
7/11/2016,1432.92,1436.52
7/12/2016,1432.7,1436.3
7/13/2016,1432.34,1435.94
7/14/2016,1431.81,1435.41
7/15/2016,1431.31,1434.91
7/16/2016,1430.39,1433.99
7/17/2016,1429.85,1433.45
7/18/2016,1429.79,1433.39
7/19/2016,1429.37,1432.97
7/20/2016,1429.26,1432.86
7/21/2016,1429.17,1432.77
7/22/2016,1429.04,1432.64
7/23/2016,1428.96,1432.56
7/24/2016,1428.83,1432.43
7/25/2016,1428.71,1432.31
7/26/2016,1428.66,1432.26
7/27/2016,1428.27,1431.87
7/28/2016,1427.78,1431.38
7/29/2016,1427.29,1430.89
7/30/2016,1426.79,1430.39
7/31/2016,1426.75,1430.35
8/1/2016,1426.7,1430.3
8/2/2016,1426.74,1430.34
8/3/2016,1426.69,1430.29
8/4/2016,1426.54,1430.14
8/5/2016,1426.42,1430.02
8/6/2016,1426.04,1429.64
8/7/2016,1425.91,1429.51
8/8/2016,1425.78,1429.38
8/9/2016,1425.64,1429.24
8/10/2016,1425.49,1429.09
8/11/2016,1425.42,1429.02
8/12/2016,1425.03,1428.63
8/13/2016,1424.69,1428.29
8/14/2016,1424.83,1428.43
8/15/2016,1425,1428.6
8/16/2016,1424.78,1428.38
8/17/2016,1424.51,1428.11
8/18/2016,1424.47,1428.07
8/19/2016,1424.27,1427.87
8/20/2016,1423.98,1427.58
8/21/2016,1423.9,1427.5
8/22/2016,1423.85,1427.45
8/23/2016,1423.76,1427.36
8/24/2016,1423.66,1427.26
8/25/2016,1423.52,1427.12
8/26/2016,1423.42,1427.02
8/27/2016,1423.28,1426.88
8/28/2016,1423.17,1426.77
8/29/2016,1423.04,1426.64
8/30/2016,1422.92,1426.52
8/31/2016,1422.77,1426.37
9/1/2016,1422.63,1426.23
9/2/2016,1422.53,1426.13
9/3/2016,1422.43,1426.03
9/4/2016,1422.29,1425.89
9/5/2016,1422.2,1425.8
9/6/2016,1422.07,1425.67
9/7/2016,1421.97,1425.57
9/8/2016,1421.85,1425.45
9/9/2016,1421.6,1425.2
9/10/2016,1421.33,1424.93
9/11/2016,1421.24,1424.84
9/12/2016,1421.13,1424.73
9/13/2016,1421.01,1424.61
9/14/2016,1420.9,1424.5
9/15/2016,1420.76,1424.36
9/16/2016,1420.64,1424.24
9/17/2016,1420.44,1424.04
9/18/2016,1420.29,1423.89
9/19/2016,1420.22,1423.82
9/20/2016,1420.17,1423.77
9/21/2016,1420.06,1423.66
9/22/2016,1419.94,1423.54
9/23/2016,1419.79,1423.39
9/24/2016,1419.68,1423.28
9/25/2016,1419.53,1423.13
9/26/2016,1419.41,1423.01
9/27/2016,1419.27,1422.87
9/28/2016,1419.16,1422.76
9/29/2016,1419.03,1422.63
9/30/2016,1418.92,1422.52
10/1/2016,1418.78,1422.38
10/2/2016,1418.72,1422.32
10/3/2016,1418.65,1422.25
10/4/2016,1418.58,1422.18
10/5/2016,1418.46,1422.06
10/6/2016,1418.4,1422
10/7/2016,1418.28,1421.88
10/8/2016,1418.2,1421.8
10/9/2016,1418.12,1421.72
10/10/2016,1418.02,1421.62
10/11/2016,1417.93,1421.53
10/12/2016,1417.83,1421.43
10/13/2016,1417.73,1421.33
10/14/2016,1417.65,1421.25
10/15/2016,1417.41,1421.01
10/16/2016,1417.28,1420.88
10/17/2016,1417.21,1420.81
10/18/2016,1417.12,1420.72
10/19/2016,1416.8,1420.4
10/20/2016,1416.49,1420.09
10/21/2016,1415.96,1419.56
10/22/2016,1415.49,1419.09
10/23/2016,1415.38,1418.98
10/24/2016,1415.32,1418.92
10/25/2016,1415.24,1418.84
10/26/2016,1414.8,1418.4
10/27/2016,1414.29,1417.89
10/28/2016,1413.99,1417.59
10/29/2016,1413.55,1417.15
10/30/2016,1413.06,1416.66
10/31/2016,1412.59,1416.19
11/1/2016,1412.55,1416.15
11/2/2016,1412.5,1416.1
11/3/2016,1412.44,1416.04
11/4/2016,1412.4,1416
11/5/2016,1412.3,1415.9
11/6/2016,1412.25,1415.85
11/7/2016,1412.19,1415.79
11/8/2016,1411.82,1415.42
11/9/2016,1411.76,1415.36
11/10/2016,1411.68,1415.28
11/11/2016,1411.61,1415.21
11/12/2016,1411.53,1415.13
11/13/2016,1411.47,1415.07
11/14/2016,1411.42,1415.02
11/15/2016,1410.95,1414.55
11/16/2016,1410.44,1414.04
11/17/2016,1409.79,1413.39
11/18/2016,1409.17,1412.77
11/19/2016,1408.48,1412.08
11/20/2016,1407.83,1411.43
11/21/2016,1407.17,1410.77
11/22/2016,1406.48,1410.08
11/23/2016,1405.77,1409.37
11/24/2016,1405.32,1408.92
11/25/2016,1404.8,1408.4
11/26/2016,1404.29,1407.89
11/27/2016,1403.77,1407.37
11/28/2016,1403.29,1406.89
11/29/2016,1403.28,1406.88
11/30/2016,1404.38,1407.98
12/1/2016,1405.2,1408.8
12/2/2016,1405.82,1409.42
12/3/2016,1405.73,1409.33
12/4/2016,1405.42,1409.02
12/5/2016,1405.06,1408.66
12/6/2016,1404.61,1408.21
12/7/2016,1404.18,1407.78
12/8/2016,1403.71,1407.31
12/9/2016,1403.19,1406.79
12/10/2016,1402.65,1406.25
12/11/2016,1402.08,1405.68
12/12/2016,1401.56,1405.16
12/13/2016,1401.63,1405.23
12/14/2016,1401.79,1405.39
12/15/2016,1401.83,1405.43
12/16/2016,1401.9,1405.5
12/17/2016,1401.99,1405.59
12/18/2016,1402.2,1405.8
12/19/2016,1403.93,1407.53
12/20/2016,1404.5,1408.1
12/21/2016,1404.93,1408.53
12/22/2016,1405.29,1408.89
12/23/2016,1405.6,1409.2
12/24/2016,1405.86,1409.46
12/25/2016,1406.19,1409.79
12/26/2016,1406.49,1410.09
12/27/2016,1406.74,1410.34
12/28/2016,1407.11,1410.71
12/29/2016,1407.32,1410.92
12/30/2016,1407.65,1411.25
12/31/2016,1407.89,1411.49
1/1/2017,1408.09,1411.69
1/2/2017,1408.3,1411.9
1/3/2017,1408.52,1412.12
1/4/2017,1409.02,1412.62
1/5/2017,1409.54,1413.14
1/6/2017,1409.91,1413.51
1/7/2017,1410.15,1413.75
1/8/2017,1410.35,1413.95
1/9/2017,1410.54,1414.14
1/10/2017,1410.71,1414.31
1/11/2017,1410.94,1414.54
1/12/2017,1411.08,1414.68
1/13/2017,1412.4,1416
1/14/2017,1413.42,1417.02
1/15/2017,1414.01,1417.61
1/16/2017,1414.46,1418.06
1/17/2017,1414.64,1418.24
1/18/2017,1415.07,1418.67
1/19/2017,1415.5,1419.1
1/20/2017,1415.96,1419.56
1/21/2017,1416.32,1419.92
1/22/2017,1416.82,1420.42
1/23/2017,1417.6,1421.2
1/24/2017,1418.58,1422.18
1/25/2017,1419.34,1422.94
1/26/2017,1419.79,1423.39
1/27/2017,1420.32,1423.92
1/28/2017,1420.75,1424.35
1/29/2017,1421.11,1424.71
1/30/2017,1421.43,1425.03
1/31/2017,1421.51,1425.11
2/1/2017,1421.79,1425.39
2/2/2017,1422.03,1425.63
2/3/2017,1422.11,1425.71
2/4/2017,1422.28,1425.88
2/5/2017,1422.46,1426.06
2/6/2017,1422.62,1426.22
2/7/2017,1422.73,1426.33
2/8/2017,1422.74,1426.34
2/9/2017,1423.11,1426.71
2/10/2017,1423.3,1426.9
2/11/2017,1423.35,1426.95
2/12/2017,1423.55,1427.15
2/13/2017,1423.83,1427.43
2/14/2017,1423.8,1427.4
2/15/2017,1423.79,1427.39
2/16/2017,1423.91,1427.51
2/17/2017,1423.87,1427.47
2/18/2017,1423.77,1427.37
2/19/2017,1423.93,1427.53
2/20/2017,1424.22,1427.82
2/21/2017,1424.44,1428.04
2/22/2017,1424.62,1428.22
2/23/2017,1424.82,1428.42
2/24/2017,1424.97,1428.57
2/25/2017,1426.18,1429.78
2/26/2017,1428.8,1432.4
2/27/2017,1430.04,1433.64
2/28/2017,1430.74,1434.34
3/1/2017,1430.45,1434.05
3/2/2017,1430.22,1433.82
3/3/2017,1430.69,1434.29
3/4/2017,1430.69,1434.29
3/5/2017,1430.34,1433.94
3/6/2017,1429.98,1433.58
3/7/2017,1430.02,1433.62
3/8/2017,1430.39,1433.99
3/9/2017,1430.74,1434.34
3/10/2017,1431.01,1434.61
3/11/2017,1430.78,1434.38
3/12/2017,1430.46,1434.06
3/13/2017,1430.08,1433.68
3/14/2017,1430.05,1433.65
3/15/2017,1430.26,1433.86
3/16/2017,1430.42,1434.02
3/17/2017,1430.56,1434.16
3/18/2017,1430.17,1433.77
3/19/2017,1430.27,1433.87
3/20/2017,1430.43,1434.03
3/21/2017,1430.56,1434.16
3/22/2017,1430.65,1434.25
3/23/2017,1430.73,1434.33
3/24/2017,1430.82,1434.42
3/25/2017,1430.96,1434.56
3/26/2017,1431.13,1434.73
3/27/2017,1431.37,1434.97
3/28/2017,1431.97,1435.57
3/29/2017,1432.89,1436.49
3/30/2017,1433.96,1437.56
3/31/2017,1434.41,1438.01
4/1/2017,1434.83,1438.43
4/2/2017,1435.48,1439.08
4/3/2017,1436.06,1439.66
4/4/2017,1436.9,1440.5
4/5/2017,1438.97,1442.57
4/6/2017,1440.05,1443.65
4/7/2017,1441,1444.6
4/8/2017,1440.64,1444.24
4/9/2017,1440.48,1444.08
4/10/2017,1440.39,1443.99
4/11/2017,1440.36,1443.96
4/12/2017,1440.31,1443.91
4/13/2017,1440.28,1443.88
4/14/2017,1440.07,1443.67
4/15/2017,1439.82,1443.42
4/16/2017,1439.57,1443.17
4/17/2017,1439.31,1442.91
4/18/2017,1439.24,1442.84
4/19/2017,1438.99,1442.59
4/20/2017,1438.78,1442.38
4/21/2017,1438.78,1442.38
4/22/2017,1439.39,1442.99
4/23/2017,1439.69,1443.29
4/24/2017,1439.63,1443.23
4/25/2017,1439.86,1443.46
4/26/2017,1440.1,1443.7
4/27/2017,1439.96,1443.56
4/28/2017,1439.77,1443.37
4/29/2017,1439.56,1443.16
4/30/2017,1439.36,1442.96
5/1/2017,1439.14,1442.74
5/2/2017,1439.43,1443.03
5/3/2017,1439.8,1443.4
5/4/2017,1439.98,1443.58
5/5/2017,1440.15,1443.75
5/6/2017,1440.02,1443.62
5/7/2017,1440.01,1443.61
5/8/2017,1439.99,1443.59
5/9/2017,1439.82,1443.42
5/10/2017,1439.81,1443.41
5/11/2017,1439.99,1443.59
5/12/2017,1440.11,1443.71
5/13/2017,1440.17,1443.77
5/14/2017,1440.32,1443.92
5/15/2017,1440.27,1443.87
5/16/2017,1440.06,1443.66
5/17/2017,1439.91,1443.51
5/18/2017,1439.69,1443.29
5/19/2017,1439.65,1443.25
5/20/2017,1439.76,1443.36
5/21/2017,1439.92,1443.52
5/22/2017,1439.79,1443.39
5/23/2017,1439.85,1443.45
5/24/2017,1439.86,1443.46
5/25/2017,1439.89,1443.49
5/26/2017,1439.84,1443.44
5/27/2017,1439.72,1443.32
5/28/2017,1439.81,1443.41
5/29/2017,1439.78,1443.38
5/30/2017,1440.04,1443.64
5/31/2017,1439.97,1443.57
6/1/2017,1439.93,1443.53
6/2/2017,1440.03,1443.63
6/3/2017,1440.05,1443.65
6/4/2017,1439.94,1443.54
6/5/2017,1440.08,1443.68
6/6/2017,1440.91,1444.51
6/7/2017,1440.59,1444.19
6/8/2017,1440.25,1443.85
6/9/2017,1440.08,1443.68
6/10/2017,1439.95,1443.55
6/11/2017,1440.08,1443.68
6/12/2017,1440.18,1443.78
6/13/2017,1440.14,1443.74
6/14/2017,1440.03,1443.63
6/15/2017,1439.83,1443.43
6/16/2017,1439.93,1443.53
6/17/2017,1439.8,1443.4
6/18/2017,1439.86,1443.46
6/19/2017,1439.97,1443.57
6/20/2017,1440.25,1443.85
6/21/2017,1439.94,1443.54
6/22/2017,1439.56,1443.16
6/23/2017,1439.18,1442.78
6/24/2017,1438.71,1442.31
6/25/2017,1438.37,1441.97
6/26/2017,1438.25,1441.85
6/27/2017,1438.22,1441.82
6/28/2017,1438.16,1441.76
6/29/2017,1438.13,1441.73
6/30/2017,1438.08,1441.68
7/1/2017,1437.76,1441.36
7/2/2017,1437.89,1441.49
7/3/2017,1437.9,1441.5
7/4/2017,1437.87,1441.47
7/5/2017,1437.81,1441.41
7/6/2017,1437.77,1441.37
7/7/2017,1437.72,1441.32
7/8/2017,1437.67,1441.27
7/9/2017,1437.62,1441.22
7/10/2017,1437.54,1441.14
7/11/2017,1437.32,1440.92
7/12/2017,1437.12,1440.72
7/13/2017,1436.96,1440.56
7/14/2017,1436.89,1440.49
7/15/2017,1437.01,1440.61
7/16/2017,1437.02,1440.62
7/17/2017,1436.98,1440.58
7/18/2017,1436.93,1440.53
7/19/2017,1436.71,1440.31
7/20/2017,1436.37,1439.97
7/21/2017,1435.99,1439.59
7/22/2017,1435.68,1439.28
7/23/2017,1435.59,1439.19
7/24/2017,1435.59,1439.19
7/25/2017,1435.7,1439.3
7/26/2017,1435.75,1439.35
7/27/2017,1435.75,1439.35
7/28/2017,1435.68,1439.28
7/29/2017,1435.58,1439.18
7/30/2017,1435.45,1439.05
7/31/2017,1435.29,1438.89
8/1/2017,1435.17,1438.77
8/2/2017,1434.94,1438.54
8/3/2017,1434.93,1438.53
8/4/2017,1434.76,1438.36
8/5/2017,1434.86,1438.46
8/6/2017,1434.94,1438.54
8/7/2017,1434.89,1438.49
8/8/2017,1434.77,1438.37
8/9/2017,1434.76,1438.36
8/10/2017,1434.69,1438.29
8/11/2017,1434.46,1438.06
8/12/2017,1434.71,1438.31
8/13/2017,1435.08,1438.68
8/14/2017,1435.18,1438.78
8/15/2017,1435.02,1438.62
8/16/2017,1434.85,1438.45
8/17/2017,1434.56,1438.16
8/18/2017,1434.36,1437.96
8/19/2017,1434.25,1437.85
8/20/2017,1434.36,1437.96
8/21/2017,1434.4,1438
8/22/2017,1434,1437.6
8/23/2017,1433.58,1437.18
8/24/2017,1433.17,1436.77
8/25/2017,1432.93,1436.53
8/26/2017,1432.86,1436.46
8/27/2017,1432.76,1436.36
8/28/2017,1432.67,1436.27
8/29/2017,1432.42,1436.02
8/30/2017,1432.29,1435.89
8/31/2017,1432.21,1435.81
9/1/2017,1431.95,1435.55
9/2/2017,1431.84,1435.44
9/3/2017,1431.79,1435.39
9/4/2017,1431.83,1435.43
9/5/2017,1431.78,1435.38
9/6/2017,1431.66,1435.26
9/7/2017,1431.91,1435.51
9/8/2017,1432.04,1435.64
9/9/2017,1432.1,1435.7
9/10/2017,1432.09,1435.69
9/11/2017,1432.06,1435.66
9/12/2017,1431.93,1435.53
9/13/2017,1431.84,1435.44
9/14/2017,1431.78,1435.38
9/15/2017,1431.6,1435.2
9/16/2017,1431.41,1435.01
9/17/2017,1431.4,1435
9/18/2017,1431.36,1434.96
9/19/2017,1431.09,1434.69
9/20/2017,1431.04,1434.64
9/21/2017,1430.75,1434.35
9/22/2017,1430.51,1434.11
9/23/2017,1430.24,1433.84
9/24/2017,1430.18,1433.78
9/25/2017,1430.12,1433.72
9/26/2017,1429.73,1433.33
9/27/2017,1429.44,1433.04
9/28/2017,1429.33,1432.93
9/29/2017,1429.09,1432.69
9/30/2017,1429.01,1432.61
10/1/2017,1428.94,1432.54
10/2/2017,1428.89,1432.49
10/3/2017,1428.8,1432.4
10/4/2017,1428.73,1432.33
10/5/2017,1428.67,1432.27
10/6/2017,1428.41,1432.01
10/7/2017,1428.39,1431.99
10/8/2017,1428.38,1431.98
10/9/2017,1428.48,1432.08
10/10/2017,1428.79,1432.39
10/11/2017,1428.93,1432.53
10/12/2017,1428.93,1432.53
10/13/2017,1428.93,1432.53
10/14/2017,1428.53,1432.13
10/15/2017,1428.12,1431.72
10/16/2017,1427.7,1431.3
10/17/2017,1427.07,1430.67
10/18/2017,1426.42,1430.02
10/19/2017,1425.73,1429.33
10/20/2017,1425.07,1428.67
10/21/2017,1424.44,1428.04
10/22/2017,1423.72,1427.32
10/23/2017,1423,1426.6
10/24/2017,1422.33,1425.93
10/25/2017,1422.91,1426.51
10/26/2017,1423.09,1426.69
10/27/2017,1423.2,1426.8
10/28/2017,1423.3,1426.9
10/29/2017,1423.36,1426.96
10/30/2017,1427.43,1431.03
10/31/2017,1429.46,1433.06
11/1/2017,1430.07,1433.67
11/2/2017,1430.03,1433.63
11/3/2017,1429.9,1433.5
11/4/2017,1429.99,1433.59
11/5/2017,1430.22,1433.82
11/6/2017,1430.47,1434.07
11/7/2017,1430.75,1434.35
11/8/2017,1430.95,1434.55
11/9/2017,1431.16,1434.76
11/10/2017,1431.37,1434.97
11/11/2017,1431.1,1434.7
11/12/2017,1431.28,1434.88
11/13/2017,1431.42,1435.02
11/14/2017,1431.05,1434.65
11/15/2017,1431.15,1434.75
11/16/2017,1431.31,1434.91
11/17/2017,1431.2,1434.8
11/18/2017,1431.35,1434.95
11/19/2017,1431.7,1435.3
11/20/2017,1432.2,1435.8
11/21/2017,1432.41,1436.01
11/22/2017,1432.6,1436.2
11/23/2017,1432.58,1436.18
11/24/2017,1432.75,1436.35
11/25/2017,1432.94,1436.54
11/26/2017,1433.07,1436.67
11/27/2017,1433.18,1436.78
11/28/2017,1432.8,1436.4
11/29/2017,1432.38,1435.98
11/30/2017,1432.01,1435.61
12/1/2017,1432.14,1435.74
12/2/2017,1432.24,1435.84
12/3/2017,1432.33,1435.93
12/4/2017,1432.43,1436.03
12/5/2017,1432.17,1435.77
12/6/2017,1432.37,1435.97
12/7/2017,1432.2,1435.8
12/8/2017,1431.95,1435.55
12/9/2017,1431.79,1435.39
12/10/2017,1431.97,1435.57
12/11/2017,1432.09,1435.69
12/12/2017,1432.1,1435.7
12/13/2017,1432.21,1435.81
12/14/2017,1431.94,1435.54
12/15/2017,1431.54,1435.14
12/16/2017,1431.16,1434.76
12/17/2017,1431.24,1434.84
12/18/2017,1431.36,1434.96
12/19/2017,1431.44,1435.04
12/20/2017,1431.57,1435.17
12/21/2017,1431.51,1435.11
12/22/2017,1431.58,1435.18
12/23/2017,1431.71,1435.31
12/24/2017,1432.22,1435.82
12/25/2017,1432.54,1436.14
12/26/2017,1432.71,1436.31
12/27/2017,1431.87,1435.47
12/28/2017,1430.97,1434.57
12/29/2017,1430.09,1433.69
12/30/2017,1429.21,1432.81
12/31/2017,1428.33,1431.93
1/1/2018,1427.53,1431.13
1/2/2018,1426.64,1430.24
1/3/2018,1425.94,1429.54
1/4/2018,1425.26,1428.86
1/5/2018,1424.57,1428.17
1/6/2018,1423.82,1427.42
1/7/2018,1423.12,1426.72
1/8/2018,1422.68,1426.28
1/9/2018,1422.75,1426.35
1/10/2018,1422.75,1426.35
1/11/2018,1422.82,1426.42
1/12/2018,1422.97,1426.57
1/13/2018,1428.17,1431.77
1/14/2018,1430.44,1434.04
1/15/2018,1431.09,1434.69
1/16/2018,1431.57,1435.17
1/17/2018,1432.04,1435.64
1/18/2018,1432.4,1436
1/19/2018,1432.67,1436.27
1/20/2018,1432.96,1436.56
1/21/2018,1433.22,1436.82
1/22/2018,1433.49,1437.09
1/23/2018,1433.81,1437.41
1/24/2018,1436.05,1439.65
1/25/2018,1436.33,1439.93
1/26/2018,1436.22,1439.82
1/27/2018,1436.02,1439.62
1/28/2018,1435.79,1439.39
1/29/2018,1435.53,1439.13
1/30/2018,1435.2,1438.8
1/31/2018,1434.72,1438.32
2/1/2018,1434.37,1437.97
2/2/2018,1434.19,1437.79
2/3/2018,1433.9,1437.5
2/4/2018,1433.98,1437.58
2/5/2018,1434.17,1437.77
2/6/2018,1434.23,1437.83
2/7/2018,1434.24,1437.84
2/8/2018,1434.39,1437.99
2/9/2018,1434.45,1438.05
2/10/2018,1434.55,1438.15
2/11/2018,1434.68,1438.28
2/12/2018,1434.64,1438.24
2/13/2018,1434.69,1438.29
2/14/2018,1434.36,1437.96
2/15/2018,1433.98,1437.58
2/16/2018,1433.86,1437.46
2/17/2018,1434.52,1438.12
2/18/2018,1434.97,1438.57
2/19/2018,1435.27,1438.87
2/20/2018,1435.74,1439.34
2/21/2018,1436.14,1439.74
2/22/2018,1436.57,1440.17
2/23/2018,1436.7,1440.3
2/24/2018,1436.76,1440.36
2/25/2018,1437.45,1441.05
2/26/2018,1438.78,1442.38
2/27/2018,1439.43,1443.03
2/28/2018,1439.9,1443.5
3/1/2018,1440.19,1443.79
3/2/2018,1440.41,1444.01
3/3/2018,1440.37,1443.97
3/4/2018,1440.27,1443.87
3/5/2018,1440.24,1443.84
3/6/2018,1439.88,1443.48
3/7/2018,1439.45,1443.05
3/8/2018,1439.03,1442.63
3/9/2018,1438.53,1442.13
3/10/2018,1438.02,1441.62
3/11/2018,1437.58,1441.18
3/12/2018,1437.12,1440.72
3/13/2018,1436.75,1440.35
3/14/2018,1436.37,1439.97
3/15/2018,1435.95,1439.55
3/16/2018,1435.52,1439.12
3/17/2018,1435.08,1438.68
3/18/2018,1434.64,1438.24
3/19/2018,1434.18,1437.78
3/20/2018,1433.71,1437.31
3/21/2018,1433.36,1436.96
3/22/2018,1433.02,1436.62
3/23/2018,1432.57,1436.17
3/24/2018,1432.57,1436.17
3/25/2018,1432.66,1436.26
3/26/2018,1432.74,1436.34
3/27/2018,1432.81,1436.41
3/28/2018,1432.91,1436.51
3/29/2018,1433.09,1436.69
3/30/2018,1433.34,1436.94
3/31/2018,1434.02,1437.62
4/1/2018,1434.51,1438.11
4/2/2018,1434.95,1438.55
4/3/2018,1434.95,1438.55
4/4/2018,1435.16,1438.76
4/5/2018,1435.93,1439.53
4/6/2018,1436.45,1440.05
4/7/2018,1436.92,1440.52
4/8/2018,1437.24,1440.84
4/9/2018,1437.54,1441.14
4/10/2018,1437.34,1440.94
4/11/2018,1437.57,1441.17
4/12/2018,1437.82,1441.42
4/13/2018,1438.1,1441.7
4/14/2018,1438.5,1442.1
4/15/2018,1439.22,1442.82
4/16/2018,1439.75,1443.35
4/17/2018,1440.86,1444.46
4/18/2018,1440.52,1444.12
4/19/2018,1440.39,1443.99
4/20/2018,1440.31,1443.91
4/21/2018,1440.27,1443.87
4/22/2018,1440.3,1443.9
4/23/2018,1440.3,1443.9
4/24/2018,1440.26,1443.86
4/25/2018,1440.31,1443.91
4/26/2018,1440.55,1444.15
4/27/2018,1440.43,1444.03
4/28/2018,1440.41,1444.01
4/29/2018,1440.41,1444.01
4/30/2018,1440.35,1443.95
5/1/2018,1440.3,1443.9
5/2/2018,1440.23,1443.83
5/3/2018,1440.24,1443.84
5/4/2018,1440.14,1443.74
5/5/2018,1440.03,1443.63
5/6/2018,1439.92,1443.52
5/7/2018,1439.8,1443.4
5/8/2018,1439.66,1443.26
5/9/2018,1439.46,1443.06
5/10/2018,1439.21,1442.81
5/11/2018,1439.23,1442.83
5/12/2018,1439.35,1442.95
5/13/2018,1439.3,1442.9
5/14/2018,1439.5,1443.1
5/15/2018,1439.36,1442.96
5/16/2018,1439.4,1443
5/17/2018,1439.27,1442.87
5/18/2018,1439.36,1442.96
5/19/2018,1439.33,1442.93
5/20/2018,1440.24,1443.84
5/21/2018,1440.41,1444.01
5/22/2018,1440.3,1443.9
5/23/2018,1440.26,1443.86
5/24/2018,1440.17,1443.77
5/25/2018,1440.17,1443.77
5/26/2018,1440.13,1443.73
5/27/2018,1440.04,1443.64
5/28/2018,1439.64,1443.24
5/29/2018,1439.52,1443.12
5/30/2018,1439.54,1443.14
5/31/2018,1439.67,1443.27
6/1/2018,1439.62,1443.22
6/2/2018,1440.03,1443.63
6/3/2018,1439.76,1443.36
6/4/2018,1439.55,1443.15
6/5/2018,1439.36,1442.96
6/6/2018,1439.2,1442.8
6/7/2018,1439.19,1442.79
6/8/2018,1439.07,1442.67
6/9/2018,1438.9,1442.5
6/10/2018,1438.73,1442.33
6/11/2018,1438.56,1442.16
6/12/2018,1438.4,1442
6/13/2018,1438.19,1441.79
6/14/2018,1438.23,1441.83
6/15/2018,1438.23,1441.83
6/16/2018,1438.03,1441.63
6/17/2018,1437.73,1441.33
6/18/2018,1437.71,1441.31
6/19/2018,1437.73,1441.33
6/20/2018,1437.49,1441.09
6/21/2018,1437.12,1440.72
6/22/2018,1437.08,1440.68
6/23/2018,1436.88,1440.48
6/24/2018,1436.86,1440.46
6/25/2018,1436.9,1440.5
6/26/2018,1436.65,1440.25
6/27/2018,1436.56,1440.16
6/28/2018,1436.7,1440.3
6/29/2018,1437.02,1440.62
6/30/2018,1437.06,1440.66
7/1/2018,1437.06,1440.66
7/2/2018,1437.02,1440.62
7/3/2018,1436.96,1440.56
7/4/2018,1436.8,1440.4
7/5/2018,1436.73,1440.33
7/6/2018,1436.69,1440.29
7/7/2018,1436.68,1440.28
7/8/2018,1436.61,1440.21
7/9/2018,1436.54,1440.14
7/10/2018,1436.47,1440.07
7/11/2018,1436.42,1440.02
7/12/2018,1436.28,1439.88
7/13/2018,1436.2,1439.8
7/14/2018,1436.12,1439.72
7/15/2018,1436.07,1439.67
7/16/2018,1436.01,1439.61
7/17/2018,1435.94,1439.54
7/18/2018,1435.9,1439.5
7/19/2018,1435.82,1439.42
7/20/2018,1435.72,1439.32
7/21/2018,1435.64,1439.24
7/22/2018,1435.57,1439.17
7/23/2018,1435.84,1439.44
7/24/2018,1438.3,1441.9
7/25/2018,1440.18,1443.78
7/26/2018,1440.92,1444.52
7/27/2018,1440.51,1444.11
7/28/2018,1440.1,1443.7
7/29/2018,1439.74,1443.34
7/30/2018,1439.29,1442.89
7/31/2018,1438.8,1442.4
8/1/2018,1438.26,1441.86
8/2/2018,1439.92,1443.52
8/3/2018,1440.4,1444
8/4/2018,1441.13,1444.73
8/5/2018,1440.67,1444.27
8/6/2018,1440.47,1444.07
8/7/2018,1440.32,1443.92
8/8/2018,1440.19,1443.79
8/9/2018,1440.26,1443.86
8/10/2018,1440.22,1443.82
8/11/2018,1440.19,1443.79
8/12/2018,1440.26,1443.86
8/13/2018,1440.24,1443.84
8/14/2018,1440.95,1444.55
8/15/2018,1440.61,1444.21
8/16/2018,1440.4,1444
8/17/2018,1440.26,1443.86
8/18/2018,1441.39,1444.99
8/19/2018,1440.65,1444.25
8/20/2018,1440.42,1444.02
8/21/2018,1440.32,1443.92
8/22/2018,1440.25,1443.85
8/23/2018,1440.29,1443.89
8/24/2018,1440.23,1443.83
8/25/2018,1440.19,1443.79
8/26/2018,1440.15,1443.75
8/27/2018,1440.13,1443.73
8/28/2018,1440.1,1443.7
8/29/2018,1440.06,1443.66
8/30/2018,1439.99,1443.59
8/31/2018,1439.92,1443.52
9/1/2018,1439.89,1443.49
9/2/2018,1439.79,1443.39
9/3/2018,1439.43,1443.03
9/4/2018,1438.85,1442.45
9/5/2018,1438.22,1441.82
9/6/2018,1437.59,1441.19
9/7/2018,1437.06,1440.66
9/8/2018,1436.49,1440.09
9/9/2018,1436.25,1439.85
9/10/2018,1436.16,1439.76
9/11/2018,1437,1440.6
9/12/2018,1437.31,1440.91
9/13/2018,1437.6,1441.2
9/14/2018,1438,1441.6
9/15/2018,1438.22,1441.82
9/16/2018,1438.33,1441.93
9/17/2018,1438.39,1441.99
9/18/2018,1438.86,1442.46
9/19/2018,1440.48,1444.08
9/20/2018,1440.39,1443.99
9/21/2018,1440.27,1443.87
9/22/2018,1440.39,1443.99
9/23/2018,1440.37,1443.97
9/24/2018,1440.27,1443.87
9/25/2018,1440.28,1443.88
9/26/2018,1441.02,1444.62
9/27/2018,1440.94,1444.54
9/28/2018,1440.73,1444.33
9/29/2018,1440.65,1444.25
9/30/2018,1440.47,1444.07
10/1/2018,1440.39,1443.99
10/2/2018,1440.31,1443.91
10/3/2018,1440.68,1444.28
10/4/2018,1440.46,1444.06
10/5/2018,1440.4,1444
10/6/2018,1440.29,1443.89
10/7/2018,1440.26,1443.86
10/8/2018,1440.24,1443.84
10/9/2018,1440.22,1443.82
10/10/2018,1440.2,1443.8
10/11/2018,1440.16,1443.76
10/12/2018,1440.54,1444.14
10/13/2018,1440.4,1444
10/14/2018,1440.29,1443.89
10/15/2018,1440.26,1443.86
10/16/2018,1440.26,1443.86
10/17/2018,1440.24,1443.84
10/18/2018,1440.18,1443.78
10/19/2018,1440.16,1443.76
10/20/2018,1440.17,1443.77
10/21/2018,1440.15,1443.75
10/22/2018,1440.09,1443.69
10/23/2018,1440.1,1443.7
10/24/2018,1440.08,1443.68
10/25/2018,1439.94,1443.54
10/26/2018,1439.93,1443.53
10/27/2018,1439.77,1443.37
10/28/2018,1440.08,1443.68
10/29/2018,1440.23,1443.83
10/30/2018,1440.24,1443.84
10/31/2018,1440.21,1443.81
11/1/2018,1440.16,1443.76
11/2/2018,1440.19,1443.79
11/3/2018,1440.83,1444.43
11/4/2018,1440.59,1444.19
11/5/2018,1440.45,1444.05
11/6/2018,1440.46,1444.06
11/7/2018,1440.68,1444.28
11/8/2018,1440.5,1444.1
11/9/2018,1440.36,1443.96
11/10/2018,1440.5,1444.1
11/11/2018,1440.41,1444.01
11/12/2018,1440.32,1443.92
11/13/2018,1440.34,1443.94
11/14/2018,1440.42,1444.02
11/15/2018,1440.32,1443.92
11/16/2018,1440.37,1443.97
11/17/2018,1440.27,1443.87
11/18/2018,1440.24,1443.84
11/19/2018,1440.25,1443.85
11/20/2018,1440.26,1443.86
11/21/2018,1440.25,1443.85
11/22/2018,1440.17,1443.77
11/23/2018,1440.12,1443.72
11/24/2018,1440.13,1443.73
11/25/2018,1440.34,1443.94
11/26/2018,1440.44,1444.04
11/27/2018,1440.81,1444.41
11/28/2018,1440.55,1444.15
11/29/2018,1440.39,1443.99
11/30/2018,1440.29,1443.89
12/1/2018,1440.26,1443.86
12/2/2018,1440.28,1443.88
12/3/2018,1440.48,1444.08
12/4/2018,1440.42,1444.02
12/5/2018,1440.33,1443.93
12/6/2018,1440.28,1443.88
12/7/2018,1440.25,1443.85
12/8/2018,1440.21,1443.81
12/9/2018,1440.19,1443.79
12/10/2018,1440.17,1443.77
12/11/2018,1440.15,1443.75
12/12/2018,1440.12,1443.72
12/13/2018,1440.1,1443.7
12/14/2018,1440.1,1443.7
12/15/2018,1440.07,1443.67
12/16/2018,1440.11,1443.71
12/17/2018,1440.22,1443.82
12/18/2018,1440.09,1443.69
12/19/2018,1440,1443.6
12/20/2018,1439.99,1443.59
12/21/2018,1440.42,1444.02
12/22/2018,1441.39,1444.99
12/23/2018,1440.69,1444.29
12/24/2018,1440.47,1444.07
12/25/2018,1440.35,1443.95
12/26/2018,1440.26,1443.86
12/27/2018,1440.25,1443.85
12/28/2018,1440.24,1443.84
12/29/2018,1440.42,1444.02
12/30/2018,1440.32,1443.92
12/31/2018,1440.28,1443.88
1/1/2019,1440.5,1444.1
1/2/2019,1440.47,1444.07
1/3/2019,1440.32,1443.92
1/4/2019,1440.27,1443.87
1/5/2019,1440.26,1443.86
1/6/2019,1440.36,1443.96
1/7/2019,1440.27,1443.87
1/8/2019,1440.25,1443.85
1/9/2019,1440.28,1443.88
1/10/2019,1440.17,1443.77
1/11/2019,1440.1,1443.7
1/12/2019,1440.03,1443.63
1/13/2019,1440.06,1443.66
1/14/2019,1440.07,1443.67
1/15/2019,1440.05,1443.65
1/16/2019,1440.03,1443.63
1/17/2019,1440.01,1443.61
1/18/2019,1439.99,1443.59
1/19/2019,1439.96,1443.56
1/20/2019,1440,1443.6
1/21/2019,1440.01,1443.61
1/22/2019,1439.92,1443.52
1/23/2019,1439.88,1443.48
1/24/2019,1440.01,1443.61
1/25/2019,1441.07,1444.67
1/26/2019,1440.49,1444.09
1/27/2019,1440.34,1443.94
1/28/2019,1440.25,1443.85
1/29/2019,1440.2,1443.8
1/30/2019,1440.21,1443.81
1/31/2019,1440.15,1443.75
2/1/2019,1440.11,1443.71
2/2/2019,1440.08,1443.68
2/3/2019,1440.09,1443.69
2/4/2019,1440.1,1443.7
2/5/2019,1440.12,1443.72
2/6/2019,1440.19,1443.79
2/7/2019,1440.21,1443.81
2/8/2019,1440.49,1444.09
2/9/2019,1440.56,1444.16
2/10/2019,1440.42,1444.02
2/11/2019,1440.31,1443.91
2/12/2019,1440.27,1443.87
2/13/2019,1440.26,1443.86
2/14/2019,1440.19,1443.79
2/15/2019,1440.17,1443.77
2/16/2019,1440.16,1443.76
2/17/2019,1440.14,1443.74
2/18/2019,1440.15,1443.75
2/19/2019,1440.12,1443.72
2/20/2019,1440.09,1443.69
2/21/2019,1440.08,1443.68
2/22/2019,1440.08,1443.68
2/23/2019,1440.06,1443.66
2/24/2019,1440.05,1443.65
2/25/2019,1440.18,1443.78
2/26/2019,1440.12,1443.72
2/27/2019,1440.07,1443.67
2/28/2019,1439.98,1443.58
3/1/2019,1439.95,1443.55
3/2/2019,1439.91,1443.51
3/3/2019,1439.87,1443.47
3/4/2019,1439.8,1443.4
3/5/2019,1439.74,1443.34
3/6/2019,1439.64,1443.24
3/7/2019,1439.53,1443.13
3/8/2019,1439.43,1443.03
3/9/2019,1439.32,1442.92
3/10/2019,1439.27,1442.87
3/11/2019,1439.19,1442.79
3/12/2019,1439.09,1442.69
3/13/2019,1438.99,1442.59
3/14/2019,1438.89,1442.49
3/15/2019,1438.8,1442.4
3/16/2019,1439.15,1442.75
3/17/2019,1439.3,1442.9
3/18/2019,1439.33,1442.93
3/19/2019,1439.26,1442.86
3/20/2019,1439.16,1442.76
3/21/2019,1439.06,1442.66
3/22/2019,1439.27,1442.87
3/23/2019,1439.62,1443.22
3/24/2019,1439.75,1443.35
3/25/2019,1439.83,1443.43
3/26/2019,1439.95,1443.55
3/27/2019,1439.91,1443.51
3/28/2019,1439.93,1443.53
3/29/2019,1439.99,1443.59
3/30/2019,1440.21,1443.81
3/31/2019,1440.49,1444.09
4/1/2019,1440.57,1444.17
4/2/2019,1440.44,1444.04
4/3/2019,1440.3,1443.9
4/4/2019,1440.3,1443.9
4/5/2019,1440.28,1443.88
4/6/2019,1440.28,1443.88
4/7/2019,1440.33,1443.93
4/8/2019,1440.5,1444.1
4/9/2019,1440.63,1444.23
4/10/2019,1440.58,1444.18
4/11/2019,1440.46,1444.06
4/12/2019,1440.33,1443.93
4/13/2019,1440.62,1444.22
4/14/2019,1440.64,1444.24
4/15/2019,1441.42,1445.02
4/16/2019,1440.83,1444.43
4/17/2019,1440.57,1444.17
4/18/2019,1440.43,1444.03
4/19/2019,1440.35,1443.95
4/20/2019,1440.55,1444.15
4/21/2019,1440.94,1444.54
4/22/2019,1440.6,1444.2
4/23/2019,1440.47,1444.07
4/24/2019,1440.42,1444.02
4/25/2019,1440.32,1443.92
4/26/2019,1440.29,1443.89
4/27/2019,1440.52,1444.12
4/28/2019,1440.44,1444.04
4/29/2019,1440.41,1444.01
4/30/2019,1440.34,1443.94
5/1/2019,1440.31,1443.91
5/2/2019,1440.29,1443.89
5/3/2019,1440.27,1443.87
5/4/2019,1440.29,1443.89
5/5/2019,1440.31,1443.91
5/6/2019,1440.34,1443.94
5/7/2019,1440.31,1443.91
5/8/2019,1440.29,1443.89
5/9/2019,1440.18,1443.78
5/10/2019,1440.16,1443.76
5/11/2019,1440.19,1443.79
5/12/2019,1440.18,1443.78
5/13/2019,1440.39,1443.99
5/14/2019,1440.52,1444.12
5/15/2019,1440.45,1444.05
5/16/2019,1440.34,1443.94
5/17/2019,1439.95,1443.55
5/18/2019,1440.16,1443.76
5/19/2019,1440.19,1443.79
5/20/2019,1440.29,1443.89
5/21/2019,1440.26,1443.86
5/22/2019,1440.21,1443.81
5/23/2019,1440.2,1443.8
5/24/2019,1440.22,1443.82
5/25/2019,1440.18,1443.78
5/26/2019,1440.17,1443.77
5/27/2019,1440.16,1443.76
5/28/2019,1440.12,1443.72
5/29/2019,1440.16,1443.76
5/30/2019,1440.25,1443.85
5/31/2019,1440.21,1443.81
6/1/2019,1440.14,1443.74
6/2/2019,1440.12,1443.72
6/3/2019,1440.08,1443.68
6/4/2019,1439.95,1443.55
6/5/2019,1439.79,1443.39
6/6/2019,1439.68,1443.28
6/7/2019,1439.57,1443.17
6/8/2019,1439.59,1443.19
6/9/2019,1439.59,1443.19
6/10/2019,1439.54,1443.14
6/11/2019,1440.14,1443.74
6/12/2019,1440.25,1443.85
6/13/2019,1440.03,1443.63
6/14/2019,1440.08,1443.68
6/15/2019,1440.04,1443.64
6/16/2019,1440.11,1443.71
6/17/2019,1440.24,1443.84
6/18/2019,1440.23,1443.83
6/19/2019,1440.11,1443.71
6/20/2019,1440.08,1443.68
6/21/2019,1440.27,1443.87
6/22/2019,1440.25,1443.85
6/23/2019,1440.16,1443.76
6/24/2019,1440.1,1443.7
6/25/2019,1440.09,1443.69
6/26/2019,1440.21,1443.81
6/27/2019,1439.94,1443.54
6/28/2019,1439.73,1443.33
6/29/2019,1439.45,1443.05
6/30/2019,1439.18,1442.78
7/1/2019,1438.86,1442.46
7/2/2019,1438.51,1442.11
7/3/2019,1438.23,1441.83
7/4/2019,1437.9,1441.5
7/5/2019,1437.61,1441.21
7/6/2019,1437.32,1440.92
7/7/2019,1437.1,1440.7
7/8/2019,1436.86,1440.46
7/9/2019,1436.53,1440.13
7/10/2019,1436.3,1439.9
7/11/2019,1436.21,1439.81
7/12/2019,1436.04,1439.64
7/13/2019,1435.74,1439.34
7/14/2019,1435.67,1439.27
7/15/2019,1435.58,1439.18
7/16/2019,1435.5,1439.1
7/17/2019,1435.3,1438.9
7/18/2019,1435.06,1438.66
7/19/2019,1435.09,1438.69
7/20/2019,1434.74,1438.34
7/21/2019,1434.3,1437.9
7/22/2019,1433.91,1437.51
7/23/2019,1434.02,1437.62
7/24/2019,1433.98,1437.58
7/25/2019,1433.93,1437.53
7/26/2019,1433.84,1437.44
7/27/2019,1433.79,1437.39
7/28/2019,1433.7,1437.3
7/29/2019,1433.43,1437.03
7/30/2019,1433.1,1436.7
7/31/2019,1432.75,1436.35
8/1/2019,1432.64,1436.24
8/2/2019,1432.52,1436.12
8/3/2019,1432.4,1436
8/4/2019,1432.28,1435.88
8/5/2019,1432.19,1435.79
8/6/2019,1432.05,1435.65
8/7/2019,1432.19,1435.79
8/8/2019,1432.18,1435.78
8/9/2019,1432.09,1435.69
8/10/2019,1431.99,1435.59
8/11/2019,1431.87,1435.47
8/12/2019,1431.74,1435.34
8/13/2019,1431.6,1435.2
8/14/2019,1431.49,1435.09
8/15/2019,1431.36,1434.96
8/16/2019,1431.25,1434.85
8/17/2019,1431.18,1434.78
8/18/2019,1431.11,1434.71
8/19/2019,1430.9,1434.5
8/20/2019,1430.57,1434.17
8/21/2019,1430.11,1433.71
8/22/2019,1429.91,1433.51
8/23/2019,1429.43,1433.03
8/24/2019,1429.33,1432.93
8/25/2019,1429.2,1432.8
8/26/2019,1429.06,1432.66
8/27/2019,1428.92,1432.52
8/28/2019,1428.78,1432.38
8/29/2019,1428.59,1432.19
8/30/2019,1428.3,1431.9
8/31/2019,1427.94,1431.54
9/1/2019,1427.8,1431.4
9/2/2019,1427.67,1431.27
9/3/2019,1427.61,1431.21
9/4/2019,1427.51,1431.11
9/5/2019,1427.37,1430.97
9/6/2019,1427.24,1430.84
9/7/2019,1427.09,1430.69
9/8/2019,1426.97,1430.57
9/9/2019,1426.86,1430.46
9/10/2019,1426.72,1430.32
9/11/2019,1426.35,1429.95
9/12/2019,1426.25,1429.85
9/13/2019,1426.16,1429.76
9/14/2019,1426.03,1429.63
9/15/2019,1425.97,1429.57
9/16/2019,1425.85,1429.45
9/17/2019,1425.71,1429.31
9/18/2019,1425.56,1429.16
9/19/2019,1425.46,1429.06
9/20/2019,1424.97,1428.57
9/21/2019,1424.33,1427.93
9/22/2019,1423.69,1427.29
9/23/2019,1423.02,1426.62
9/24/2019,1422.4,1426
9/25/2019,1421.74,1425.34
9/26/2019,1421.07,1424.67
9/27/2019,1420.47,1424.07
9/28/2019,1419.8,1423.4
9/29/2019,1419.16,1422.76
9/30/2019,1418.48,1422.08
10/1/2019,1417.83,1421.43
10/2/2019,1417.18,1420.78
10/3/2019,1416.54,1420.14
10/4/2019,1415.99,1419.59
10/5/2019,1415.39,1418.99
10/6/2019,1414.74,1418.34
10/7/2019,1414.18,1417.78
10/8/2019,1413.92,1417.52
10/9/2019,1414.05,1417.65
10/10/2019,1413.92,1417.52
10/11/2019,1413.87,1417.47
10/12/2019,1413.82,1417.42
10/13/2019,1413.77,1417.37
10/14/2019,1413.72,1417.32
10/15/2019,1413.51,1417.11
10/16/2019,1413.32,1416.92
10/17/2019,1414.42,1418.02
10/18/2019,1415.52,1419.12
10/19/2019,1415.94,1419.54
10/20/2019,1416.17,1419.77
10/21/2019,1416.33,1419.93
10/22/2019,1416.47,1420.07
10/23/2019,1416.75,1420.35
10/24/2019,1417.15,1420.75
10/25/2019,1417.38,1420.98
10/26/2019,1417.57,1421.17
10/27/2019,1417.76,1421.36
10/28/2019,1418.74,1422.34
10/29/2019,1419.23,1422.83
10/30/2019,1419.58,1423.18
10/31/2019,1419.97,1423.57
11/1/2019,1425.09,1428.69
11/2/2019,1427.78,1431.38
11/3/2019,1428.74,1432.34
11/4/2019,1429.32,1432.92
11/5/2019,1429.75,1433.35
11/6/2019,1429.78,1433.38
11/7/2019,1429.64,1433.24
11/8/2019,1429.97,1433.57
11/9/2019,1430.19,1433.79
11/10/2019,1430.37,1433.97
11/11/2019,1430.54,1434.14
11/12/2019,1430.72,1434.32
11/13/2019,1430.84,1434.44
11/14/2019,1430.94,1434.54
11/15/2019,1431.04,1434.64
11/16/2019,1431.12,1434.72
11/17/2019,1431.22,1434.82
11/18/2019,1431.32,1434.92
11/19/2019,1431.42,1435.02
11/20/2019,1431.78,1435.38
11/21/2019,1431.95,1435.55
11/22/2019,1431.86,1435.46
11/23/2019,1431.62,1435.22
11/24/2019,1431.81,1435.41
11/25/2019,1432.51,1436.11
11/26/2019,1432.9,1436.5
11/27/2019,1433.22,1436.82
11/28/2019,1433.58,1437.18
11/29/2019,1433.92,1437.52
11/30/2019,1433.9,1437.5
12/1/2019,1433.66,1437.26
12/2/2019,1433.51,1437.11
12/3/2019,1433.6,1437.2
12/4/2019,1433.66,1437.26
12/5/2019,1433.76,1437.36
12/6/2019,1433.82,1437.42
12/7/2019,1433.62,1437.22
12/8/2019,1433.37,1436.97
12/9/2019,1433.12,1436.72
12/10/2019,1434.04,1437.64
12/11/2019,1435.07,1438.67
12/12/2019,1435.34,1438.94
12/13/2019,1435.42,1439.02
12/14/2019,1435.68,1439.28
12/15/2019,1437.23,1440.83
12/16/2019,1437.85,1441.45
12/17/2019,1438.12,1441.72
12/18/2019,1438.22,1441.82
12/19/2019,1438.16,1441.76
12/20/2019,1437.99,1441.59
12/21/2019,1437.67,1441.27
12/22/2019,1437.56,1441.16
12/23/2019,1437.45,1441.05
12/24/2019,1437.18,1440.78
12/25/2019,1436.82,1440.42
12/26/2019,1436.52,1440.12
12/27/2019,1436.2,1439.8
12/28/2019,1435.9,1439.5
12/29/2019,1435.58,1439.18
12/30/2019,1435.41,1439.01
12/31/2019,1435.48,1439.08
1/1/2020,1435.26,1438.86
1/2/2020,1435.03,1438.63
1/3/2020,1434.74,1438.34
1/4/2020,1434.48,1438.08
1/5/2020,1434.36,1437.96
1/6/2020,1434.1,1437.7
1/7/2020,1433.8,1437.4
1/8/2020,1433.76,1437.36
1/9/2020,1433.4,1437
1/10/2020,1433.05,1436.65
1/11/2020,1432.96,1436.56
1/12/2020,1433.27,1436.87
1/13/2020,1434.31,1437.91
1/14/2020,1434.42,1438.02
1/15/2020,1434.42,1438.02
1/16/2020,1434.34,1437.94
1/17/2020,1434.18,1437.78
1/18/2020,1433.9,1437.5
1/19/2020,1433.95,1437.55
1/20/2020,1434.02,1437.62
1/21/2020,1433.77,1437.37
1/22/2020,1433.52,1437.12
1/23/2020,1433.44,1437.04
1/24/2020,1433.41,1437.01
1/25/2020,1433.37,1436.97
1/26/2020,1433.71,1437.31
1/27/2020,1433.89,1437.49
1/28/2020,1433.96,1437.56
1/29/2020,1433.93,1437.53
1/30/2020,1433.89,1437.49
1/31/2020,1433.84,1437.44
2/1/2020,1433.81,1437.41
2/2/2020,1433.77,1437.37
2/3/2020,1433.71,1437.31
2/4/2020,1433.66,1437.26
2/5/2020,1433.61,1437.21
2/6/2020,1433.31,1436.91
2/7/2020,1433.08,1436.68
2/8/2020,1433.36,1436.96
2/9/2020,1433.54,1437.14
2/10/2020,1433.38,1436.98
2/11/2020,1433.21,1436.81
2/12/2020,1432.94,1436.54
2/13/2020,1433.05,1436.65
2/14/2020,1433.18,1436.78
2/15/2020,1432.69,1436.29
2/16/2020,1432.64,1436.24
2/17/2020,1432.66,1436.26
2/18/2020,1432.64,1436.24
2/19/2020,1432.68,1436.28
2/20/2020,1432.46,1436.06
2/21/2020,1431.9,1435.5
2/22/2020,1431.69,1435.29
2/23/2020,1431.77,1435.37
2/24/2020,1431.82,1435.42
2/25/2020,1431.89,1435.49
2/26/2020,1432,1435.6
2/27/2020,1432.35,1435.95
2/28/2020,1432.96,1436.56
2/29/2020,1432.9,1436.5
3/1/2020,1433.06,1436.66
3/2/2020,1433.23,1436.83
3/3/2020,1433.43,1437.03
3/4/2020,1433.89,1437.49
3/5/2020,1434.34,1437.94
3/6/2020,1434.65,1438.25
3/7/2020,1434.63,1438.23
3/8/2020,1434.81,1438.41
3/9/2020,1434.99,1438.59
3/10/2020,1435.22,1438.82
3/11/2020,1435.59,1439.19
3/12/2020,1435.91,1439.51
3/13/2020,1435.94,1439.54
3/14/2020,1436.9,1440.5
3/15/2020,1437.37,1440.97
3/16/2020,1437.71,1441.31
3/17/2020,1437.56,1441.16
3/18/2020,1437.79,1441.39
3/19/2020,1437.81,1441.41
3/20/2020,1438.13,1441.73
3/21/2020,1438.53,1442.13
3/22/2020,1438.98,1442.58
3/23/2020,1439.29,1442.89
3/24/2020,1439.33,1442.93
3/25/2020,1439.27,1442.87
3/26/2020,1439.52,1443.12
3/27/2020,1439.55,1443.15
3/28/2020,1439.52,1443.12
3/29/2020,1439.96,1443.56
3/30/2020,1440.21,1443.81
3/31/2020,1440.23,1443.83
4/1/2020,1440.17,1443.77
4/2/2020,1440.24,1443.84
4/3/2020,1440.19,1443.79
4/4/2020,1440.2,1443.8
4/5/2020,1440.19,1443.79
4/6/2020,1440.17,1443.77
4/7/2020,1440.08,1443.68
4/8/2020,1440.09,1443.69
4/9/2020,1440.09,1443.69
4/10/2020,1440.24,1443.84
4/11/2020,1440.15,1443.75
4/12/2020,1440.14,1443.74
4/13/2020,1440.23,1443.83
4/14/2020,1441.41,1445.01
4/15/2020,1440.59,1444.19
4/16/2020,1440.43,1444.03
4/17/2020,1440.34,1443.94
4/18/2020,1440.27,1443.87
4/19/2020,1440.29,1443.89
4/20/2020,1440.3,1443.9
4/21/2020,1440.13,1443.73
4/22/2020,1440.11,1443.71
4/23/2020,1439.81,1443.41
4/24/2020,1439.71,1443.31
4/25/2020,1439.64,1443.24
4/26/2020,1439.55,1443.15
4/27/2020,1439.84,1443.44
4/28/2020,1439.75,1443.35
4/29/2020,1439.43,1443.03
4/30/2020,1439.42,1443.02
5/1/2020,1440.99,1444.59
5/2/2020,1440.91,1444.51
5/3/2020,1440.55,1444.15
5/4/2020,1440.41,1444.01
5/5/2020,1440.18,1443.78
5/6/2020,1439.95,1443.55
5/7/2020,1439.87,1443.47
5/8/2020,1439.74,1443.34
5/9/2020,1439.6,1443.2
5/10/2020,1439.79,1443.39
5/11/2020,1439.71,1443.31
5/12/2020,1439.91,1443.51
5/13/2020,1439.65,1443.25
5/14/2020,1439.43,1443.03
5/15/2020,1439.33,1442.93
5/16/2020,1439.57,1443.17
5/17/2020,1439.74,1443.34
5/18/2020,1439.49,1443.09
5/19/2020,1439.45,1443.05
5/20/2020,1439.53,1443.13
5/21/2020,1439.63,1443.23
5/22/2020,1439.71,1443.31
5/23/2020,1439.83,1443.43
5/24/2020,1439.48,1443.08
5/25/2020,1439.11,1442.71
5/26/2020,1438.72,1442.32
5/27/2020,1438.71,1442.31
5/28/2020,1438.77,1442.37
5/29/2020,1438.91,1442.51
5/30/2020,1439.1,1442.7
5/31/2020,1438.78,1442.38
6/1/2020,1438.28,1441.88
6/2/2020,1438.16,1441.76
6/3/2020,1438.18,1441.78
6/4/2020,1438.24,1441.84
6/5/2020,1438.25,1441.85
6/6/2020,1438.25,1441.85
6/7/2020,1438.24,1441.84
6/8/2020,1438.2,1441.8
6/9/2020,1438.17,1441.77
6/10/2020,1438.1,1441.7
6/11/2020,1438.27,1441.87
6/12/2020,1438.85,1442.45
6/13/2020,1438.91,1442.51
6/14/2020,1438.61,1442.21
6/15/2020,1438.57,1442.17
6/16/2020,1438.54,1442.14
6/17/2020,1438.48,1442.08
6/18/2020,1438.43,1442.03
6/19/2020,1438.38,1441.98
6/20/2020,1438.33,1441.93
6/21/2020,1438.26,1441.86
6/22/2020,1438.2,1441.8
6/23/2020,1438.11,1441.71
6/24/2020,1437.79,1441.39
6/25/2020,1437.72,1441.32
6/26/2020,1437.64,1441.24
6/27/2020,1437.54,1441.14
6/28/2020,1437.56,1441.16
6/29/2020,1437.6,1441.2
6/30/2020,1437.39,1440.99
7/1/2020,1437.41,1441.01
7/2/2020,1437.35,1440.95
7/3/2020,1437.04,1440.64
7/4/2020,1437,1440.6
7/5/2020,1436.93,1440.53
7/6/2020,1436.83,1440.43
7/7/2020,1436.51,1440.11
7/8/2020,1436.19,1439.79
7/9/2020,1435.92,1439.52
7/10/2020,1435.83,1439.43
7/11/2020,1436.03,1439.63
7/12/2020,1436.6,1440.2
7/13/2020,1436.73,1440.33
7/14/2020,1436.49,1440.09
7/15/2020,1436.41,1440.01
7/16/2020,1436.37,1439.97
7/17/2020,1436.31,1439.91
7/18/2020,1436.27,1439.87
7/19/2020,1435.97,1439.57
7/20/2020,1435.57,1439.17
7/21/2020,1435.01,1438.61
7/22/2020,1434.49,1438.09
7/23/2020,1434.19,1437.79
7/24/2020,1434.12,1437.72
7/25/2020,1434.05,1437.65
7/26/2020,1433.95,1437.55
7/27/2020,1433.63,1437.23
7/28/2020,1433.17,1436.77
7/29/2020,1432.75,1436.35
7/30/2020,1432.27,1435.87
7/31/2020,1431.96,1435.56
8/1/2020,1431.63,1435.23
8/2/2020,1431.51,1435.11
8/3/2020,1431.44,1435.04
8/4/2020,1431.01,1434.61
8/5/2020,1432.76,1436.36
8/6/2020,1432.75,1436.35
8/7/2020,1432.5,1436.1
8/8/2020,1432.36,1435.96
8/9/2020,1432.38,1435.98
8/10/2020,1432.36,1435.96
8/11/2020,1431.88,1435.48
8/12/2020,1431.41,1435.01
8/13/2020,1430.98,1434.58
8/14/2020,1430.55,1434.15
8/15/2020,1430.22,1433.82
8/16/2020,1430.11,1433.71
8/17/2020,1430.01,1433.61
8/18/2020,1429.94,1433.54
8/19/2020,1429.8,1433.4
8/20/2020,1429.74,1433.34
8/21/2020,1429.65,1433.25
8/22/2020,1429.57,1433.17
8/23/2020,1429.49,1433.09
8/24/2020,1429.41,1433.01
8/25/2020,1429.3,1432.9
8/26/2020,1429.18,1432.78
8/27/2020,1429.07,1432.67
8/28/2020,1429.13,1432.73
8/29/2020,1429.1,1432.7
8/30/2020,1429.27,1432.87
8/31/2020,1429.26,1432.86
9/1/2020,1429.16,1432.76
9/2/2020,1429.09,1432.69
9/3/2020,1429.56,1433.16
9/4/2020,1429.52,1433.12
9/5/2020,1429.34,1432.94
9/6/2020,1429.31,1432.91
9/7/2020,1429.26,1432.86
9/8/2020,1429.19,1432.79
9/9/2020,1428.93,1432.53
9/10/2020,1428.56,1432.16
9/11/2020,1428.36,1431.96
9/12/2020,1428.32,1431.92
9/13/2020,1428.26,1431.86
9/14/2020,1428.18,1431.78
9/15/2020,1428.12,1431.72
9/16/2020,1427.71,1431.31
9/17/2020,1427.6,1431.2
9/18/2020,1427.23,1430.83
9/19/2020,1427.11,1430.71
9/20/2020,1427.02,1430.62
9/21/2020,1426.93,1430.53
9/22/2020,1426.83,1430.43
9/23/2020,1426.72,1430.32
9/24/2020,1426.63,1430.23
9/25/2020,1426.24,1429.84
9/26/2020,1425.82,1429.42
9/27/2020,1425.74,1429.34
9/28/2020,1425.65,1429.25
9/29/2020,1425.6,1429.2
9/30/2020,1426.09,1429.69
10/1/2020,1426.51,1430.11
10/2/2020,1426.59,1430.19
10/3/2020,1426.64,1430.24
10/4/2020,1426.59,1430.19
10/5/2020,1426.59,1430.19
10/6/2020,1426.53,1430.13
10/7/2020,1426.45,1430.05
10/8/2020,1426.45,1430.05
10/9/2020,1426.29,1429.89
10/10/2020,1425.76,1429.36
10/11/2020,1425.6,1429.2
10/12/2020,1425.55,1429.15
10/13/2020,1425.41,1429.01
10/14/2020,1425.19,1428.79
10/15/2020,1424.68,1428.28
10/16/2020,1424.27,1427.87
10/17/2020,1423.95,1427.55
10/18/2020,1423.92,1427.52
10/19/2020,1423.88,1427.48
10/20/2020,1423.85,1427.45
10/21/2020,1423.82,1427.42
10/22/2020,1423.47,1427.07
10/23/2020,1423.45,1427.05
10/24/2020,1423.41,1427.01
10/25/2020,1423.37,1426.97
10/26/2020,1423.35,1426.95
10/27/2020,1423.33,1426.93
10/28/2020,1423.3,1426.9
10/29/2020,1423.33,1426.93
10/30/2020,1423.76,1427.36
10/31/2020,1424.11,1427.71
11/1/2020,1424.31,1427.91
11/2/2020,1424.53,1428.13
11/3/2020,1424.74,1428.34
11/4/2020,1424.81,1428.41
11/5/2020,1424.94,1428.54
11/6/2020,1425.06,1428.66
11/7/2020,1425.16,1428.76
11/8/2020,1425.29,1428.89
11/9/2020,1425.37,1428.97
11/10/2020,1425.47,1429.07
11/11/2020,1425.54,1429.14
11/12/2020,1425.63,1429.23
11/13/2020,1425.81,1429.41
11/14/2020,1425.95,1429.55
11/15/2020,1426.06,1429.66
11/16/2020,1426.48,1430.08
11/17/2020,1426.87,1430.47
11/18/2020,1427.14,1430.74
11/19/2020,1427.05,1430.65
11/20/2020,1426.92,1430.52
11/21/2020,1427.09,1430.69
11/22/2020,1427.25,1430.85
11/23/2020,1427.48,1431.08
11/24/2020,1427.74,1431.34
11/25/2020,1427.78,1431.38
11/26/2020,1427.83,1431.43
11/27/2020,1428.51,1432.11
11/28/2020,1428.91,1432.51
11/29/2020,1429.22,1432.82
11/30/2020,1429.48,1433.08
12/1/2020,1432.45,1436.05
12/2/2020,1433.63,1437.23
12/3/2020,1433.92,1437.52
12/4/2020,1434.41,1438.01
12/5/2020,1434.53,1438.13
12/6/2020,1434.89,1438.49
12/7/2020,1434.96,1438.56
12/8/2020,1434.89,1438.49
12/9/2020,1434.8,1438.4
12/10/2020,1434.67,1438.27
12/11/2020,1434.61,1438.21
12/12/2020,1434.33,1437.93
12/13/2020,1434.15,1437.75
12/14/2020,1433.97,1437.57
12/15/2020,1433.76,1437.36
12/16/2020,1433.34,1436.94
12/17/2020,1433.16,1436.76
12/18/2020,1432.96,1436.56
12/19/2020,1432.43,1436.03
12/20/2020,1431.97,1435.57
12/21/2020,1431.54,1435.14
12/22/2020,1431.16,1434.76
12/23/2020,1430.81,1434.41
12/24/2020,1430.61,1434.21
12/25/2020,1435.9,1439.5
12/26/2020,1440.35,1443.95
12/27/2020,1440.33,1443.93
12/28/2020,1440.11,1443.71
12/29/2020,1440.03,1443.63
12/30/2020,1440.13,1443.73
12/31/2020,1440.19,1443.79
1/1/2021,1440.18,1443.78
1/2/2021,1440.21,1443.81
1/3/2021,1440.27,1443.87
1/4/2021,1440.26,1443.86
1/5/2021,1440.19,1443.79
1/6/2021,1440.12,1443.72
1/7/2021,1440.06,1443.66
1/8/2021,1440.01,1443.61
1/9/2021,1439.98,1443.58
1/10/2021,1439.93,1443.53
1/11/2021,1439.88,1443.48
1/12/2021,1439.82,1443.42
1/13/2021,1439.57,1443.17
1/14/2021,1439.3,1442.9
1/15/2021,1439.01,1442.61
1/16/2021,1438.71,1442.31
1/17/2021,1438.36,1441.96
1/18/2021,1438,1441.6
1/19/2021,1437.63,1441.23
1/20/2021,1437.23,1440.83
1/21/2021,1436.84,1440.44
1/22/2021,1436.51,1440.11
1/23/2021,1436.14,1439.74
1/24/2021,1435.73,1439.33
1/25/2021,1435.31,1438.91
1/26/2021,1434.87,1438.47
1/27/2021,1434.53,1438.13
1/28/2021,1434.08,1437.68
1/29/2021,1433.66,1437.26
1/30/2021,1433.22,1436.82
1/31/2021,1432.8,1436.4
2/1/2021,1432.37,1435.97
2/2/2021,1432.02,1435.62
2/3/2021,1431.76,1435.36
2/4/2021,1431.48,1435.08
2/5/2021,1431.22,1434.82
2/6/2021,1431.15,1434.75
2/7/2021,1431.09,1434.69
2/8/2021,1431.04,1434.64
2/9/2021,1430.77,1434.37
2/10/2021,1430.5,1434.1
2/11/2021,1430.17,1433.77
2/12/2021,1429.84,1433.44
2/13/2021,1429.35,1432.95
2/14/2021,1429.09,1432.69
2/15/2021,1429.06,1432.66
2/16/2021,1428.88,1432.48
2/17/2021,1429.06,1432.66
2/18/2021,1429.15,1432.75
2/19/2021,1429.29,1432.89
2/20/2021,1429.31,1432.91
2/21/2021,1429.08,1432.68
2/22/2021,1428.8,1432.4
2/23/2021,1428.36,1431.96
2/24/2021,1428.07,1431.67
2/25/2021,1427.85,1431.45
2/26/2021,1427.62,1431.22
2/27/2021,1427.42,1431.02
2/28/2021,1427.48,1431.08
3/1/2021,1427.58,1431.18
3/2/2021,1427.76,1431.36
3/3/2021,1427.58,1431.18
3/4/2021,1427.64,1431.24
3/5/2021,1427.67,1431.27
3/6/2021,1427.73,1431.33
3/7/2021,1427.76,1431.36
3/8/2021,1427.42,1431.02
3/9/2021,1426.88,1430.48
3/10/2021,1426.33,1429.93
3/11/2021,1425.94,1429.54
3/12/2021,1425.92,1429.52
3/13/2021,1426.66,1430.26
3/14/2021,1427.14,1430.74
3/15/2021,1427.49,1431.09
3/16/2021,1427.46,1431.06
3/17/2021,1427.31,1430.91
3/18/2021,1427.09,1430.69
3/19/2021,1427.74,1431.34
3/20/2021,1428.2,1431.8
3/21/2021,1428.56,1432.16
3/22/2021,1428.99,1432.59
3/23/2021,1429.57,1433.17
3/24/2021,1430.26,1433.86
3/25/2021,1432.43,1436.03
3/26/2021,1435.11,1438.71
3/27/2021,1437.64,1441.24
3/28/2021,1438.75,1442.35
3/29/2021,1440.44,1444.04
3/30/2021,1440.48,1444.08
3/31/2021,1440.32,1443.92
4/1/2021,1440.49,1444.09
4/2/2021,1440.32,1443.92
4/3/2021,1439.94,1443.54
4/4/2021,1439.66,1443.26
4/5/2021,1439.32,1442.92
4/6/2021,1439.45,1443.05
4/7/2021,1439.32,1442.92
4/8/2021,1439.39,1442.99
4/9/2021,1439.24,1442.84
4/10/2021,1439.07,1442.67
4/11/2021,1439.13,1442.73
4/12/2021,1439.3,1442.9
4/13/2021,1439.57,1443.17
4/14/2021,1439.59,1443.19
4/15/2021,1439.73,1443.33
4/16/2021,1439.79,1443.39
4/17/2021,1439.79,1443.39
4/18/2021,1439.74,1443.34
4/19/2021,1439.7,1443.3
4/20/2021,1439.88,1443.48
4/21/2021,1439.84,1443.44
4/22/2021,1439.89,1443.49
4/23/2021,1439.93,1443.53
4/24/2021,1440,1443.6
4/25/2021,1439.94,1443.54
4/26/2021,1439.87,1443.47
4/27/2021,1439.77,1443.37
4/28/2021,1439.83,1443.43
4/29/2021,1439.72,1443.32
4/30/2021,1439.87,1443.47
5/1/2021,1439.98,1443.58
5/2/2021,1440.05,1443.65
5/3/2021,1440.1,1443.7
5/4/2021,1440.19,1443.79
5/5/2021,1440.59,1444.19
5/6/2021,1440.49,1444.09
5/7/2021,1440.33,1443.93
5/8/2021,1440.26,1443.86
5/9/2021,1440.26,1443.86
5/10/2021,1440.38,1443.98
5/11/2021,1440.37,1443.97
5/12/2021,1440.27,1443.87
5/13/2021,1440.21,1443.81
5/14/2021,1440.16,1443.76
5/15/2021,1440.02,1443.62
5/16/2021,1439.96,1443.56
5/17/2021,1440.08,1443.68
5/18/2021,1439.94,1443.54
5/19/2021,1439.87,1443.47
5/20/2021,1439.69,1443.29
5/21/2021,1439.6,1443.2
5/22/2021,1439.66,1443.26
5/23/2021,1439.71,1443.31
5/24/2021,1439.73,1443.33
5/25/2021,1439.54,1443.14
5/26/2021,1439.51,1443.11
5/27/2021,1439.37,1442.97
5/28/2021,1439.37,1442.97
5/29/2021,1439.62,1443.22
5/30/2021,1439.88,1443.48
5/31/2021,1440.02,1443.62
6/1/2021,1439.92,1443.52
6/2/2021,1439.76,1443.36
6/3/2021,1439.62,1443.22
6/4/2021,1439.69,1443.29
6/5/2021,1439.74,1443.34
6/6/2021,1439.75,1443.35
6/7/2021,1439.58,1443.18
6/8/2021,1439.28,1442.88
6/9/2021,1438.94,1442.54
6/10/2021,1438.7,1442.3
6/11/2021,1438.48,1442.08
6/12/2021,1438.43,1442.03
6/13/2021,1438.38,1441.98
6/14/2021,1438.33,1441.93
6/15/2021,1438.18,1441.78
6/16/2021,1437.93,1441.53
6/17/2021,1437.86,1441.46
6/18/2021,1437.78,1441.38
6/19/2021,1437.55,1441.15
6/20/2021,1437.49,1441.09
6/21/2021,1437.24,1440.84
6/22/2021,1436.93,1440.53
6/23/2021,1436.73,1440.33
6/24/2021,1436.61,1440.21
6/25/2021,1436.53,1440.13
6/26/2021,1436.43,1440.03
6/27/2021,1436.34,1439.94
6/28/2021,1436.26,1439.86
6/29/2021,1435.91,1439.51
6/30/2021,1435.54,1439.14
7/1/2021,1435.21,1438.81
7/2/2021,1435.16,1438.76
7/3/2021,1435.4,1439
7/4/2021,1435.55,1439.15
7/5/2021,1435.55,1439.15
7/6/2021,1435.49,1439.09
7/7/2021,1435.2,1438.8
7/8/2021,1435.07,1438.67
7/9/2021,1437.49,1441.09
7/10/2021,1440.29,1443.89
7/11/2021,1440.38,1443.98
7/12/2021,1440.64,1444.24
7/13/2021,1440.63,1444.23
7/14/2021,1440.43,1444.03
7/15/2021,1440.32,1443.92
7/16/2021,1440.22,1443.82
7/17/2021,1440.16,1443.76
7/18/2021,1441.2,1444.8
7/19/2021,1440.68,1444.28
7/20/2021,1440.41,1444.01
7/21/2021,1440.31,1443.91
7/22/2021,1440.24,1443.84
7/23/2021,1440.18,1443.78
7/24/2021,1440.14,1443.74
7/25/2021,1439.72,1443.32
7/26/2021,1439.31,1442.91
7/27/2021,1439.34,1442.94
7/28/2021,1439.41,1443.01
7/29/2021,1439.41,1443.01
7/30/2021,1439.25,1442.85
7/31/2021,1439.27,1442.87
8/1/2021,1439.25,1442.85
8/2/2021,1439.22,1442.82
8/3/2021,1438.94,1442.54
8/4/2021,1438.59,1442.19
8/5/2021,1438.55,1442.15
8/6/2021,1438.49,1442.09
8/7/2021,1438.41,1442.01
8/8/2021,1438.34,1441.94
8/9/2021,1438.26,1441.86
8/10/2021,1438.18,1441.78
8/11/2021,1438.09,1441.69
8/12/2021,1438.01,1441.61
8/13/2021,1437.66,1441.26
8/14/2021,1437.31,1440.91
8/15/2021,1436.97,1440.57
8/16/2021,1436.82,1440.42
8/17/2021,1436.69,1440.29
8/18/2021,1436.39,1439.99
8/19/2021,1436.49,1440.09
8/20/2021,1436.73,1440.33
8/21/2021,1436.51,1440.11
8/22/2021,1436.6,1440.2
8/23/2021,1437.17,1440.77
8/24/2021,1438.39,1441.99
8/25/2021,1438.25,1441.85
8/26/2021,1438.08,1441.68
8/27/2021,1437.74,1441.34
8/28/2021,1437.31,1440.91
8/29/2021,1436.77,1440.37
8/30/2021,1436.17,1439.77
8/31/2021,1436.13,1439.73
